time;SamplingFrequency;ECG
0;100;525
0.010003;100;495
0.020005;100;483
0.030008;100;518
0.04001;100;501
0.050013;100;539
0.060015;100;569
0.070018;100;504
0.08002;100;550
0.090023;100;580
0.10003;100;560
0.11003;100;526
0.12003;100;531
0.13003;100;543
0.14004;100;562
0.15004;100;559
0.16004;100;600
0.17004;100;527
0.18005;100;547
0.19005;100;553
0.20005;100;561
0.21005;100;548
0.22006;100;566
0.23006;100;513
0.24006;100;507
0.25006;100;540
0.26007;100;533
0.27007;100;557
0.28007;100;566
0.29007;100;522
0.30008;100;542
0.31008;100;544
0.32008;100;532
0.33008;100;514
0.34009;100;533
0.35009;100;520
0.36009;100;551
0.37009;100;518
0.3801;100;544
0.3901;100;482
0.4001;100;469
0.4101;100;485
0.42011;100;470
0.43011;100;479
0.44011;100;572
0.45011;100;682
0.46012;100;739
0.47012;100;525
0.48012;100;423
0.49012;100;460
0.50013;100;513
0.51013;100;491
0.52013;100;468
0.53013;100;474
0.54014;100;470
0.55014;100;456
0.56014;100;511
0.57014;100;492
0.58015;100;474
0.59015;100;492
0.60015;100;511
0.61015;100;520
0.62016;100;519
0.63016;100;532
0.64016;100;528
0.65016;100;512
0.66017;100;525
0.67017;100;574
0.68017;100;596
0.69017;100;622
0.70018;100;611
0.71018;100;575
0.72018;100;542
0.73018;100;543
0.74019;100;497
0.75019;100;480
0.76019;100;470
0.77019;100;440
0.7802;100;446
0.7902;100;420
0.8002;100;442
0.8102;100;410
0.82021;100;469
0.83021;100;471
0.84021;100;467
0.85021;100;461
0.86022;100;480
0.87022;100;496
0.88022;100;525
0.89022;100;470
0.90023;100;478
0.91023;100;451
0.92023;100;505
0.93023;100;499
0.94024;100;511
0.95024;100;519
0.96024;100;513
0.97024;100;474
0.98025;100;465
0.99025;100;518
1.0003;100;528
1.0103;100;519
1.0203;100;514
1.0303;100;485
1.0403;100;473
1.0503;100;483
1.0603;100;512
1.0703;100;524
1.0803;100;507
1.0903;100;551
1.1003;100;497
1.1103;100;493
1.1203;100;523
1.1303;100;516
1.1403;100;519
1.1503;100;577
1.1603;100;553
1.1703;100;521
1.1803;100;524
1.1903;100;527
1.2003;100;511
1.2103;100;513
1.2203;100;498
1.2303;100;486
1.2403;100;497
1.2503;100;467
1.2603;100;418
1.2703;100;465
1.2803;100;596
1.2903;100;714
1.3003;100;689
1.3103;100;418
1.3203;100;379
1.3303;100;448
1.3403;100;521
1.3503;100;496
1.3603;100;540
1.3703;100;509
1.3803;100;512
1.3903;100;527
1.4004;100;510
1.4104;100;476
1.4204;100;518
1.4304;100;498
1.4404;100;579
1.4504;100;540
1.4604;100;517
1.4704;100;568
1.4804;100;626
1.4904;100;547
1.5004;100;598
1.5104;100;662
1.5204;100;631
1.5304;100;583
1.5404;100;592
1.5504;100;599
1.5604;100;554
1.5704;100;483
1.5804;100;382
1.5904;100;355
1.6004;100;436
1.6104;100;379
1.6204;100;418
1.6304;100;434
1.6404;100;457
1.6504;100;413
1.6604;100;460
1.6704;100;398
1.6804;100;455
1.6904;100;462
1.7004;100;509
1.7104;100;519
1.7204;100;563
1.7304;100;463
1.7404;100;471
1.7504;100;473
1.7604;100;514
1.7704;100;510
1.7804;100;492
1.7904;100;421
1.8005;100;459
1.8105;100;448
1.8205;100;454
1.8305;100;476
1.8405;100;519
1.8505;100;524
1.8605;100;455
1.8705;100;499
1.8805;100;512
1.8905;100;517
1.9005;100;567
1.9105;100;555
1.9205;100;536
1.9305;100;548
1.9405;100;530
1.9505;100;545
1.9605;100;541
1.9705;100;544
1.9805;100;568
1.9905;100;577
2.0005;100;582
2.0105;100;601
2.0205;100;585
2.0305;100;543
2.0405;100;566
2.0505;100;611
2.0605;100;572
2.0705;100;538
2.0805;100;475
2.0905;100;487
2.1005;100;592
2.1105;100;567
2.1205;100;545
2.1305;100;529
2.1405;100;552
2.1505;100;506
2.1605;100;497
2.1705;100;595
2.1805;100;742
2.1905;100;718
2.2006;100;500
2.2106;100;482
2.2206;100;441
2.2306;100;460
2.2406;100;443
2.2506;100;483
2.2606;100;496
2.2706;100;487
2.2806;100;510
2.2906;100;496
2.3006;100;460
2.3106;100;452
2.3206;100;486
2.3306;100;519
2.3406;100;496
2.3506;100;499
2.3606;100;515
2.3706;100;544
2.3806;100;515
2.3906;100;535
2.4006;100;559
2.4106;100;578
2.4206;100;568
2.4306;100;570
2.4406;100;575
2.4506;100;522
2.4606;100;494
2.4706;100;451
2.4806;100;434
2.4906;100;416
2.5006;100;392
2.5106;100;417
2.5206;100;437
2.5306;100;415
2.5406;100;417
2.5506;100;422
2.5606;100;446
2.5706;100;448
2.5806;100;457
2.5906;100;478
2.6007;100;480
2.6107;100;460
2.6207;100;469
2.6307;100;479
2.6407;100;482
2.6507;100;505
2.6607;100;491
2.6707;100;482
2.6807;100;498
2.6907;100;475
2.7007;100;497
2.7107;100;497
2.7207;100;498
2.7307;100;489
2.7407;100;519
2.7507;100;504
2.7607;100;494
2.7707;100;514
2.7807;100;497
2.7907;100;503
2.8007;100;496
2.8107;100;507
2.8207;100;536
2.8307;100;506
2.8407;100;496
2.8507;100;497
2.8607;100;511
2.8707;100;509
2.8807;100;515
2.8907;100;525
2.9007;100;519
2.9107;100;504
2.9207;100;526
2.9307;100;492
2.9407;100;504
2.9507;100;502
2.9607;100;512
2.9707;100;534
2.9807;100;539
2.9907;100;538
3.0008;100;487
3.0108;100;507
3.0208;100;511
3.0308;100;524
3.0408;100;522
3.0508;100;515
3.0608;100;507
3.0708;100;512
3.0808;100;500
3.0908;100;493
3.1008;100;505
3.1108;100;503
3.1208;100;501
3.1308;100;507
3.1408;100;497
3.1508;100;644
3.1608;100;703
3.1708;100;604
3.1808;100;455
3.1908;100;457
3.2008;100;483
3.2108;100;485
3.2208;100;465
3.2308;100;470
3.2408;100;492
3.2508;100;505
3.2608;100;489
3.2708;100;500
3.2808;100;498
3.2908;100;511
3.3008;100;489
3.3108;100;498
3.3208;100;535
3.3308;100;527
3.3408;100;527
3.3508;100;536
3.3608;100;541
3.3708;100;570
3.3808;100;559
3.3908;100;568
3.4009;100;593
3.4109;100;576
3.4209;100;572
3.4309;100;555
3.4409;100;499
3.4509;100;474
3.4609;100;436
3.4709;100;407
3.4809;100;427
3.4909;100;428
3.5009;100;435
3.5109;100;424
3.5209;100;435
3.5309;100;446
3.5409;100;445
3.5509;100;438
3.5609;100;457
3.5709;100;487
3.5809;100;510
3.5909;100;472
3.6009;100;478
3.6109;100;491
3.6209;100;476
3.6309;100;506
3.6409;100;498
3.6509;100;476
3.6609;100;503
3.6709;100;489
3.6809;100;493
3.6909;100;506
3.7009;100;508
3.7109;100;490
3.7209;100;510
3.7309;100;515
3.7409;100;483
3.7509;100;507
3.7609;100;518
3.7709;100;491
3.7809;100;513
3.7909;100;508
3.801;100;504
3.811;100;504
3.821;100;506
3.831;100;508
3.841;100;513
3.851;100;515
3.861;100;493
3.871;100;504
3.881;100;521
3.891;100;515
3.901;100;513
3.911;100;519
3.921;100;511
3.931;100;514
3.941;100;520
3.951;100;517
3.961;100;514
3.971;100;497
3.981;100;508
3.991;100;517
4.001;100;523
4.011;100;461
4.021;100;508
4.031;100;515
4.041;100;475
4.051;100;528
4.061;100;619
4.071;100;736
4.081;100;666
4.091;100;451
4.101;100;447
4.111;100;461
4.121;100;476
4.131;100;483
4.141;100;474
4.151;100;489
4.161;100;511
4.171;100;506
4.181;100;486
4.191;100;500
4.2011;100;514
4.2111;100;525
4.2211;100;540
4.2311;100;515
4.2411;100;499
4.2511;100;541
4.2611;100;538
4.2711;100;551
4.2811;100;552
4.2911;100;569
4.3011;100;598
4.3111;100;588
4.3211;100;571
4.3311;100;597
4.3411;100;546
4.3511;100;512
4.3611;100;470
4.3711;100;454
4.3811;100;439
4.3911;100;434
4.4011;100;451
4.4111;100;444
4.4211;100;443
4.4311;100;431
4.4411;100;441
4.4511;100;468
4.4611;100;471
4.4711;100;473
4.4811;100;479
4.4911;100;531
4.5011;100;462
4.5111;100;494
4.5211;100;473
4.5311;100;521
4.5411;100;513
4.5511;100;529
4.5611;100;508
4.5711;100;503
4.5811;100;513
4.5911;100;515
4.6012;100;506
4.6112;100;507
4.6212;100;511
4.6312;100;510
4.6412;100;531
4.6512;100;518
4.6612;100;509
4.6712;100;516
4.6812;100;519
4.6912;100;515
4.7012;100;515
4.7112;100;533
4.7212;100;489
4.7312;100;517
4.7412;100;505
4.7512;100;519
4.7612;100;522
4.7712;100;535
4.7812;100;522
4.7912;100;512
4.8012;100;518
4.8112;100;526
4.8212;100;527
4.8312;100;518
4.8412;100;504
4.8512;100;544
4.8612;100;507
4.8712;100;504
4.8812;100;512
4.8912;100;512
4.9012;100;507
4.9112;100;520
4.9212;100;515
4.9312;100;516
4.9412;100;524
4.9512;100;526
4.9612;100;504
4.9712;100;534
4.9812;100;526
4.9912;100;540
5.0013;100;506
5.0113;100;509
5.0213;100;483
5.0313;100;489
5.0413;100;495
5.0513;100;522
5.0613;100;524
5.0713;100;515
5.0813;100;506
5.0913;100;471
5.1013;100;569
5.1113;100;711
5.1213;100;720
5.1313;100;510
5.1413;100;463
5.1513;100;482
5.1613;100;458
5.1713;100;477
5.1813;100;462
5.1913;100;492
5.2013;100;490
5.2113;100;502
5.2213;100;510
5.2313;100;504
5.2413;100;508
5.2513;100;501
5.2613;100;502
5.2713;100;524
5.2813;100;516
5.2913;100;581
5.3013;100;540
5.3113;100;541
5.3213;100;568
5.3313;100;555
5.3413;100;560
5.3513;100;589
5.3613;100;593
5.3713;100;606
5.3813;100;575
5.3913;100;532
5.4014;100;498
5.4114;100;453
5.4214;100;453
5.4314;100;440
5.4414;100;425
5.4514;100;447
5.4614;100;423
5.4714;100;464
5.4814;100;455
5.4914;100;454
5.5014;100;457
5.5114;100;481
5.5214;100;483
5.5314;100;498
5.5414;100;484
5.5514;100;512
5.5614;100;495
5.5714;100;499
5.5814;100;481
5.5914;100;491
5.6014;100;497
5.6114;100;522
5.6214;100;498
5.6314;100;525
5.6414;100;524
5.6514;100;505
5.6614;100;489
5.6714;100;503
5.6814;100;498
5.6914;100;536
5.7014;100;505
5.7114;100;528
5.7214;100;507
5.7314;100;517
5.7414;100;489
5.7514;100;515
5.7614;100;498
5.7714;100;522
5.7814;100;495
5.7914;100;527
5.8015;100;520
5.8115;100;531
5.8215;100;486
5.8315;100;507
5.8415;100;500
5.8515;100;508
5.8615;100;508
5.8715;100;512
5.8815;100;526
5.8915;100;526
5.9015;100;500
5.9115;100;511
5.9215;100;520
5.9315;100;520
5.9415;100;519
5.9515;100;524
5.9615;100;506
5.9715;100;533
5.9815;100;508
5.9915;100;512
6.0015;100;503
6.0115;100;503
6.0215;100;505
6.0315;100;540
6.0415;100;501
6.0515;100;502
6.0615;100;487
6.0715;100;501
6.0815;100;491
6.0915;100;502
6.1015;100;595
6.1115;100;702
6.1215;100;678
6.1315;100;470
6.1415;100;445
6.1515;100;459
6.1615;100;462
6.1715;100;502
6.1815;100;482
6.1915;100;502
6.2016;100;491
6.2116;100;505
6.2216;100;493
6.2316;100;486
6.2416;100;501
6.2516;100;520
6.2616;100;523
6.2716;100;523
6.2816;100;526
6.2916;100;561
6.3016;100;513
6.3116;100;553
6.3216;100;536
6.3316;100;584
6.3416;100;587
6.3516;100;568
6.3616;100;573
6.3716;100;585
6.3816;100;550
6.3916;100;527
6.4016;100;480
6.4116;100;462
6.4216;100;427
6.4316;100;444
6.4416;100;412
6.4516;100;411
6.4616;100;413
6.4716;100;442
6.4816;100;445
6.4916;100;461
6.5016;100;468
6.5116;100;484
6.5216;100;461
6.5316;100;457
6.5416;100;458
6.5516;100;499
6.5616;100;489
6.5716;100;499
6.5816;100;510
6.5916;100;503
6.6017;100;500
6.6117;100;481
6.6217;100;475
6.6317;100;504
6.6417;100;499
6.6517;100;502
6.6617;100;505
6.6717;100;510
6.6817;100;492
6.6917;100;506
6.7017;100;505
6.7117;100;519
6.7217;100;494
6.7317;100;504
6.7417;100;523
6.7517;100;513
6.7617;100;512
6.7717;100;512
6.7817;100;502
6.7917;100;511
6.8017;100;521
6.8117;100;524
6.8217;100;523
6.8317;100;515
6.8417;100;498
6.8517;100;499
6.8617;100;510
6.8717;100;518
6.8817;100;519
6.8917;100;527
6.9017;100;541
6.9117;100;505
6.9217;100;487
6.9317;100;504
6.9417;100;518
6.9517;100;533
6.9617;100;546
6.9717;100;532
6.9817;100;485
6.9917;100;509
7.0018;100;495
7.0118;100;505
7.0218;100;500
7.0318;100;517
7.0418;100;500
7.0518;100;508
7.0618;100;515
7.0718;100;655
7.0818;100;729
7.0918;100;571
7.1018;100;454
7.1118;100;472
7.1218;100;448
7.1318;100;483
7.1418;100;466
7.1518;100;480
7.1618;100;484
7.1718;100;492
7.1818;100;489
7.1918;100;512
7.2018;100;520
7.2118;100;504
7.2218;100;489
7.2318;100;502
7.2418;100;527
7.2518;100;527
7.2618;100;522
7.2718;100;543
7.2818;100;536
7.2918;100;593
7.3018;100;572
7.3118;100;566
7.3218;100;571
7.3318;100;576
7.3418;100;556
7.3518;100;543
7.3618;100;519
7.3718;100;505
7.3818;100;432
7.3918;100;413
7.4019;100;414
7.4119;100;438
7.4219;100;416
7.4319;100;447
7.4419;100;444
7.4519;100;448
7.4619;100;470
7.4719;100;477
7.4819;100;472
7.4919;100;472
7.5019;100;470
7.5119;100;500
7.5219;100;477
7.5319;100;478
7.5419;100;504
7.5519;100;506
7.5619;100;483
7.5719;100;498
7.5819;100;518
7.5919;100;503
7.6019;100;473
7.6119;100;514
7.6219;100;500
7.6319;100;511
7.6419;100;519
7.6519;100;500
7.6619;100;510
7.6719;100;542
7.6819;100;483
7.6919;100;497
7.7019;100;515
7.7119;100;518
7.7219;100;505
7.7319;100;505
7.7419;100;511
7.7519;100;510
7.7619;100;514
7.7719;100;520
7.7819;100;499
7.7919;100;504
7.802;100;504
7.812;100;521
7.822;100;505
7.832;100;531
7.842;100;525
7.852;100;517
7.862;100;504
7.872;100;525
7.882;100;507
7.892;100;508
7.902;100;518
7.912;100;522
7.922;100;518
7.932;100;535
7.942;100;491
7.952;100;529
7.962;100;496
7.972;100;530
7.982;100;533
7.992;100;529
8.002;100;520
8.012;100;511
8.022;100;496
8.032;100;499
8.042;100;497
8.052;100;516
8.062;100;503
8.072;100;512
8.082;100;482
8.092;100;501
8.102;100;469
8.112;100;528
8.122;100;646
8.132;100;771
8.142;100;575
8.152;100;465
8.162;100;443
8.172;100;456
8.182;100;463
8.192;100;484
8.2021;100;480
8.2121;100;487
8.2221;100;478
8.2321;100;504
8.2421;100;475
8.2521;100;514
8.2621;100;484
8.2721;100;514
8.2821;100;513
8.2921;100;518
8.3021;100;552
8.3121;100;523
8.3221;100;500
8.3321;100;551
8.3421;100;551
8.3521;100;567
8.3621;100;579
8.3721;100;595
8.3821;100;571
8.3921;100;564
8.4021;100;530
8.4121;100;536
8.4221;100;468
8.4321;100;445
8.4421;100;426
8.4521;100;436
8.4621;100;415
8.4721;100;428
8.4821;100;425
8.4921;100;436
8.5021;100;427
8.5121;100;472
8.5221;100;452
8.5321;100;480
8.5421;100;454
8.5521;100;471
8.5621;100;471
8.5721;100;486
8.5821;100;480
8.5921;100;501
8.6022;100;510
8.6122;100;504
8.6222;100;456
8.6322;100;507
8.6422;100;487
8.6522;100;497
8.6622;100;495
8.6722;100;513
8.6822;100;510
8.6922;100;524
8.7022;100;467
8.7122;100;501
8.7222;100;502
8.7322;100;502
8.7422;100;506
8.7522;100;523
8.7622;100;499
8.7722;100;523
8.7822;100;495
8.7922;100;523
8.8022;100;480
8.8122;100;497
8.8222;100;508
8.8322;100;537
8.8422;100;518
8.8522;100;504
8.8622;100;482
8.8722;100;506
8.8822;100;516
8.8922;100;507
8.9022;100;509
8.9122;100;504
8.9222;100;512
8.9322;100;519
8.9422;100;506
8.9522;100;519
8.9622;100;493
8.9722;100;503
8.9822;100;514
8.9922;100;511
9.0023;100;493
9.0123;100;527
9.0223;100;505
9.0323;100;547
9.0423;100;512
9.0523;100;511
9.0623;100;517
9.0723;100;527
9.0823;100;516
9.0923;100;519
9.1023;100;516
9.1123;100;529
9.1223;100;461
9.1323;100;505
9.1423;100;492
9.1523;100;497
9.1623;100;511
9.1723;100;502
9.1823;100;581
9.1923;100;685
9.2023;100;723
9.2123;100;496
9.2223;100;441
9.2323;100;468
9.2423;100;462
9.2523;100;480
9.2623;100;461
9.2723;100;494
9.2823;100;499
9.2923;100;524
9.3023;100;480
9.3123;100;505
9.3223;100;500
9.3323;100;521
9.3423;100;499
9.3523;100;532
9.3623;100;524
9.3723;100;541
9.3823;100;497
9.3923;100;544
9.4024;100;558
9.4124;100;568
9.4224;100;567
9.4324;100;602
9.4424;100;596
9.4524;100;572
9.4624;100;552
9.4724;100;542
9.4824;100;494
9.4924;100;477
9.5024;100;438
9.5124;100;432
9.5224;100;432
9.5324;100;428
9.5424;100;423
9.5524;100;467
9.5624;100;436
9.5724;100;452
9.5824;100;454
9.5924;100;476
9.6024;100;459
9.6124;100;492
9.6224;100;469
9.6324;100;499
9.6424;100;499
9.6524;100;487
9.6624;100;477
9.6724;100;507
9.6824;100;489
9.6924;100;517
9.7024;100;516
9.7124;100;500
9.7224;100;487
9.7324;100;500
9.7424;100;507
9.7524;100;499
9.7624;100;487
9.7724;100;532
9.7824;100;530
9.7924;100;498
9.8025;100;492
9.8125;100;511
9.8225;100;503
9.8325;100;510
9.8425;100;513
9.8525;100;551
9.8625;100;493
9.8725;100;519
9.8825;100;500
9.8925;100;513
9.9025;100;510
9.9125;100;527
9.9225;100;502
9.9325;100;518
9.9425;100;517
9.9525;100;535
9.9625;100;513
9.9725;100;527
9.9825;100;513
9.9925;100;540
10.003;100;519
10.013;100;524
10.023;100;479
10.033;100;515
10.043;100;517
10.053;100;502
10.063;100;508
10.073;100;523
10.083;100;495
10.093;100;481
10.103;100;490
10.113;100;620
10.123;100;695
10.133;100;637
10.143;100;439
10.153;100;471
10.163;100;465
10.173;100;489
10.183;100;474
10.193;100;485
10.203;100;484
10.213;100;509
10.223;100;481
10.233;100;501
10.243;100;505
10.253;100;521
10.263;100;511
10.273;100;531
10.283;100;513
10.293;100;530
10.303;100;516
10.313;100;544
10.323;100;543
10.333;100;580
10.343;100;574
10.353;100;603
10.363;100;573
10.373;100;569
10.383;100;566
10.393;100;567
10.403;100;511
10.413;100;496
10.423;100;444
10.433;100;439
10.443;100;414
10.453;100;442
10.463;100;420
10.473;100;430
10.483;100;427
10.493;100;456
10.503;100;452
10.513;100;453
10.523;100;455
10.533;100;502
10.543;100;479
10.553;100;493
10.563;100;469
10.573;100;516
10.583;100;466
10.593;100;505
10.603;100;492
10.613;100;527
10.623;100;495
10.633;100;487
10.643;100;486
10.653;100;504
10.663;100;496
10.673;100;522
10.683;100;492
10.693;100;494
10.703;100;492
10.713;100;517
10.723;100;504
10.733;100;526
10.743;100;510
10.753;100;513
10.763;100;497
10.773;100;516
10.783;100;479
10.793;100;507
10.803;100;507
10.813;100;527
10.823;100;504
10.833;100;528
10.843;100;492
10.853;100;526
10.863;100;522
10.873;100;508
10.883;100;502
10.893;100;523
10.903;100;518
10.913;100;540
10.923;100;504
10.933;100;526
10.943;100;510
10.953;100;523
10.963;100;499
10.973;100;508
10.983;100;509
10.993;100;508
11.003;100;492
11.013;100;506
11.023;100;505
11.033;100;496
11.043;100;467
11.053;100;599
11.063;100;707
11.073;100;704
11.083;100;483
11.093;100;436
11.103;100;443
11.113;100;480
11.123;100;460
11.133;100;493
11.143;100;479
11.153;100;479
11.163;100;476
11.173;100;494
11.183;100;475
11.193;100;509
11.203;100;513
11.213;100;526
11.223;100;497
11.233;100;523
11.243;100;518
11.253;100;537
11.263;100;539
11.273;100;551
11.283;100;551
11.293;100;584
11.303;100;567
11.313;100;590
11.323;100;578
11.333;100;568
11.343;100;528
11.353;100;521
11.363;100;441
11.373;100;444
11.383;100;424
11.393;100;440
11.403;100;422
11.413;100;443
11.423;100;440
11.433;100;442
11.443;100;427
11.453;100;461
11.463;100;454
11.473;100;480
11.483;100;483
11.493;100;486
11.503;100;480
11.513;100;477
11.523;100;470
11.533;100;507
11.543;100;484
11.553;100;515
11.563;100;520
11.573;100;467
11.583;100;477
11.593;100;499
11.603;100;504
11.613;100;513
11.623;100;476
11.633;100;522
11.643;100;517
11.653;100;490
11.663;100;510
11.673;100;513
11.683;100;502
11.693;100;505
11.703;100;511
11.713;100;505
11.723;100;506
11.733;100;512
11.743;100;495
11.753;100;515
11.763;100;522
11.773;100;503
11.783;100;499
11.793;100;517
11.803;100;512
11.813;100;511
11.823;100;506
11.833;100;548
11.843;100;489
11.853;100;513
11.863;100;489
11.873;100;512
11.883;100;507
11.893;100;527
11.903;100;514
11.913;100;512
11.923;100;531
11.933;100;526
11.943;100;504
11.953;100;486
11.963;100;480
11.973;100;519
11.983;100;497
11.993;100;526
12.003;100;498
12.013;100;503
12.023;100;476
12.033;100;473
12.043;100;528
12.053;100;690
12.063;100;717
12.073;100;596
12.083;100;443
12.093;100;463
12.103;100;427
12.113;100;489
12.123;100;486
12.133;100;477
12.143;100;489
12.153;100;504
12.163;100;489
12.173;100;499
12.183;100;489
12.193;100;504
12.203;100;500
12.213;100;524
12.223;100;522
12.233;100;530
12.243;100;533
12.253;100;562
12.263;100;518
12.273;100;558
12.283;100;580
12.293;100;574
12.303;100;584
12.313;100;612
12.323;100;602
12.333;100;551
12.343;100;499
12.353;100;483
12.363;100;433
12.373;100;443
12.383;100;427
12.393;100;416
12.403;100;424
12.413;100;454
12.423;100;439
12.433;100;436
12.443;100;455
12.453;100;473
12.463;100;458
12.473;100;470
12.483;100;477
12.493;100;489
12.503;100;502
12.513;100;515
12.523;100;483
12.533;100;505
12.543;100;498
12.553;100;505
12.563;100;508
12.573;100;504
12.583;100;486
12.593;100;525
12.603;100;500
12.613;100;517
12.623;100;503
12.633;100;508
12.643;100;491
12.653;100;527
12.663;100;510
12.673;100;529
12.683;100;503
12.693;100;517
12.703;100;499
12.713;100;500
12.723;100;519
12.733;100;514
12.743;100;507
12.753;100;517
12.763;100;518
12.773;100;510
12.783;100;506
12.793;100;519
12.803;100;517
12.813;100;530
12.823;100;507
12.833;100;512
12.843;100;514
12.853;100;507
12.863;100;502
12.873;100;519
12.883;100;519
12.893;100;526
12.903;100;538
12.913;100;488
12.923;100;504
12.933;100;525
12.943;100;500
12.953;100;525
12.963;100;532
12.973;100;529
12.983;100;499
12.993;100;506
13.003;100;506
13.013;100;494
13.023;100;486
13.033;100;509
13.043;100;506
13.053;100;523
13.063;100;492
13.073;100;501
13.083;100;575
13.093;100;707
13.103;100;686
13.113;100;459
13.123;100;448
13.133;100;477
13.143;100;473
13.153;100;484
13.163;100;502
13.173;100;472
13.183;100;487
13.193;100;513
13.203;100;472
13.213;100;504
13.223;100;516
13.233;100;510
13.243;100;512
13.253;100;518
13.263;100;516
13.273;100;528
13.283;100;556
13.293;100;549
13.303;100;579
13.313;100;579
13.323;100;594
13.333;100;560
13.343;100;580
13.353;100;580
13.363;100;549
13.373;100;530
13.383;100;493
13.393;100;466
13.403;100;434
13.413;100;435
13.423;100;421
13.433;100;428
13.443;100;414
13.453;100;453
13.463;100;442
13.473;100;438
13.483;100;451
13.493;100;466
13.503;100;487
13.513;100;475
13.523;100;477
13.533;100;527
13.543;100;469
13.553;100;480
13.563;100;509
13.573;100;493
13.583;100;496
13.593;100;511
13.603;100;512
13.613;100;499
13.623;100;487
13.633;100;507
13.643;100;509
13.653;100;507
13.663;100;500
13.673;100;504
13.683;100;507
13.693;100;516
13.703;100;510
13.713;100;502
13.723;100;504
13.733;100;533
13.743;100;490
13.753;100;493
13.763;100;517
13.773;100;501
13.783;100;510
13.793;100;526
13.803;100;505
13.813;100;515
13.823;100;510
13.833;100;527
13.843;100;522
13.853;100;514
13.863;100;522
13.873;100;521
13.883;100;515
13.893;100;519
13.903;100;515
13.913;100;492
13.923;100;492
13.933;100;487
13.943;100;503
13.953;100;502
13.963;100;510
13.973;100;515
13.983;100;512
13.993;100;466
14.004;100;557
14.014;100;647
14.024;100;729
14.034;100;518
14.044;100;448
14.054;100;465
14.064;100;454
14.074;100;487
14.084;100;475
14.094;100;479
14.104;100;505
14.114;100;488
14.124;100;480
14.134;100;498
14.144;100;507
14.154;100;523
14.164;100;491
14.174;100;515
14.184;100;523
14.194;100;542
14.204;100;529
14.214;100;538
14.224;100;541
14.234;100;565
14.244;100;567
14.254;100;591
14.264;100;576
14.274;100;588
14.284;100;581
14.294;100;569
14.304;100;506
14.314;100;457
14.324;100;445
14.334;100;418
14.344;100;406
14.354;100;429
14.364;100;423
14.374;100;435
14.384;100;463
14.394;100;438
14.404;100;450
14.414;100;464
14.424;100;486
14.434;100;471
14.444;100;476
14.454;100;499
14.464;100;496
14.474;100;497
14.484;100;491
14.494;100;504
14.504;100;486
14.514;100;515
14.524;100;483
14.534;100;527
14.544;100;494
14.554;100;488
14.564;100;510
14.574;100;512
14.584;100;518
14.594;100;516
14.604;100;492
14.614;100;506
14.624;100;512
14.634;100;508
14.644;100;500
14.654;100;528
14.664;100;495
14.674;100;512
14.684;100;529
14.694;100;515
14.704;100;495
14.714;100;511
14.724;100;511
14.734;100;523
14.744;100;517
14.754;100;514
14.764;100;524
14.774;100;519
14.784;100;505
14.794;100;515
14.804;100;525
14.814;100;510
14.824;100;515
14.834;100;499
14.844;100;523
14.854;100;505
14.864;100;500
14.874;100;519
14.884;100;519
14.894;100;513
14.904;100;517
14.914;100;539
14.924;100;533
14.934;100;503
14.944;100;499
14.954;100;523
14.964;100;524
14.974;100;521
14.984;100;511
14.994;100;502
15.004;100;515
15.014;100;492
15.024;100;487
15.034;100;521
15.044;100;507
15.054;100;505
15.064;100;488
15.074;100;551
15.084;100;678
15.094;100;729
15.104;100;534
15.114;100;476
15.124;100;477
15.134;100;467
15.144;100;459
15.154;100;471
15.164;100;476
15.174;100;475
15.184;100;493
15.194;100;518
15.204;100;510
15.214;100;495
15.224;100;519
15.234;100;530
15.244;100;503
15.254;100;501
15.264;100;524
15.274;100;541
15.284;100;552
15.294;100;547
15.304;100;574
15.314;100;568
15.324;100;585
15.334;100;579
15.344;100;590
15.354;100;574
15.364;100;572
15.374;100;500
15.384;100;499
15.394;100;450
15.404;100;432
15.414;100;431
15.424;100;438
15.434;100;461
15.444;100;432
15.454;100;425
15.464;100;433
15.474;100;465
15.484;100;475
15.494;100;477
15.504;100;480
15.514;100;484
15.524;100;475
15.534;100;493
15.544;100;496
15.554;100;515
15.564;100;524
15.574;100;499
15.584;100;482
15.594;100;485
15.604;100;508
15.614;100;495
15.624;100;518
15.634;100;524
15.644;100;512
15.654;100;530
15.664;100;487
15.674;100;486
15.684;100;534
15.694;100;513
15.704;100;519
15.714;100;518
15.724;100;518
15.734;100;507
15.744;100;495
15.754;100;502
15.764;100;529
15.774;100;528
15.784;100;525
15.794;100;513
15.804;100;521
15.814;100;512
15.824;100;505
15.834;100;500
15.844;100;515
15.854;100;536
15.864;100;516
15.874;100;512
15.884;100;507
15.894;100;513
15.904;100;506
15.914;100;527
15.924;100;516
15.934;100;527
15.944;100;520
15.954;100;502
15.964;100;508
15.974;100;526
15.984;100;502
15.994;100;528
16.004;100;517
16.014;100;513
16.024;100;525
16.034;100;508
16.044;100;554
16.054;100;505
16.064;100;500
16.074;100;519
16.084;100;502
16.094;100;494
16.104;100;518
16.114;100;510
16.124;100;500
16.134;100;506
16.144;100;491
16.154;100;492
16.164;100;494
16.174;100;583
16.184;100;685
16.194;100;715
16.204;100;496
16.214;100;441
16.224;100;457
16.234;100;463
16.244;100;478
16.254;100;509
16.264;100;488
16.274;100;483
16.284;100;510
16.294;100;491
16.304;100;496
16.314;100;494
16.324;100;521
16.334;100;518
16.344;100;521
16.354;100;514
16.364;100;527
16.374;100;544
16.384;100;541
16.394;100;534
16.404;100;564
16.414;100;575
16.424;100;594
16.434;100;593
16.444;100;599
16.454;100;563
16.464;100;552
16.474;100;488
16.484;100;467
16.494;100;447
16.504;100;447
16.514;100;406
16.524;100;435
16.534;100;440
16.544;100;425
16.554;100;443
16.564;100;443
16.574;100;458
16.584;100;469
16.594;100;455
16.604;100;483
16.614;100;471
16.624;100;492
16.634;100;491
16.644;100;487
16.654;100;508
16.664;100;510
16.674;100;483
16.684;100;489
16.694;100;484
16.704;100;503
16.714;100;491
16.724;100;523
16.734;100;514
16.744;100;493
16.754;100;486
16.764;100;518
16.774;100;495
16.784;100;511
16.794;100;496
16.804;100;520
16.814;100;511
16.824;100;508
16.834;100;512
16.844;100;503
16.854;100;518
16.864;100;507
16.874;100;512
16.884;100;524
16.894;100;505
16.904;100;499
16.914;100;502
16.924;100;513
16.934;100;501
16.944;100;542
16.954;100;500
16.964;100;530
16.974;100;511
16.984;100;536
16.994;100;515
17.004;100;508
17.014;100;505
17.024;100;518
17.034;100;502
17.044;100;523
17.054;100;480
17.064;100;514
17.074;100;506
17.084;100;503
17.094;100;495
17.104;100;475
17.114;100;537
17.124;100;667
17.134;100;723
17.144;100;514
17.154;100;451
17.164;100;455
17.174;100;457
17.184;100;488
17.194;100;470
17.204;100;488
17.214;100;465
17.224;100;476
17.234;100;468
17.244;100;489
17.254;100;505
17.264;100;492
17.274;100;492
17.284;100;498
17.294;100;495
17.304;100;533
17.314;100;511
17.324;100;526
17.334;100;537
17.344;100;560
17.354;100;551
17.364;100;571
17.374;100;570
17.384;100;578
17.394;100;551
17.404;100;551
17.414;100;480
17.424;100;464
17.434;100;417
17.444;100;429
17.454;100;419
17.464;100;407
17.474;100;390
17.484;100;446
17.494;100;416
17.504;100;436
17.514;100;433
17.524;100;472
17.534;100;448
17.544;100;475
17.554;100;451
17.564;100;481
17.574;100;477
17.584;100;479
17.594;100;479
17.604;100;509
17.614;100;495
17.624;100;479
17.634;100;489
17.644;100;486
17.654;100;492
17.664;100;509
17.674;100;483
17.684;100;520
17.694;100;488
17.704;100;516
17.714;100;481
17.724;100;492
17.734;100;498
17.744;100;522
17.754;100;480
17.764;100;514
17.774;100;509
17.784;100;507
17.794;100;508
17.804;100;500
17.814;100;510
17.824;100;512
17.834;100;516
17.844;100;519
17.854;100;490
17.864;100;519
17.874;100;496
17.884;100;521
17.894;100;501
17.904;100;507
17.914;100;525
17.924;100;521
17.934;100;491
17.944;100;521
17.954;100;519
17.964;100;513
17.974;100;506
17.984;100;529
17.994;100;529
18.005;100;515
18.015;100;508
18.025;100;528
18.035;100;534
18.045;100;535
18.055;100;516
18.065;100;512
18.075;100;487
18.085;100;504
18.095;100;494
18.105;100;518
18.115;100;504
18.125;100;515
18.135;100;506
18.145;100;497
18.155;100;585
18.165;100;712
18.175;100;710
18.185;100;504
18.195;100;466
18.205;100;475
18.215;100;476
18.225;100;473
18.235;100;479
18.245;100;483
18.255;100;489
18.265;100;518
18.275;100;490
18.285;100;508
18.295;100;507
18.305;100;542
18.315;100;485
18.325;100;533
18.335;100;512
18.345;100;520
18.355;100;533
18.365;100;556
18.375;100;553
18.385;100;558
18.395;100;575
18.405;100;583
18.415;100;589
18.425;100;601
18.435;100;590
18.445;100;544
18.455;100;498
18.465;100;496
18.475;100;448
18.485;100;440
18.495;100;409
18.505;100;445
18.515;100;441
18.525;100;444
18.535;100;456
18.545;100;459
18.555;100;450
18.565;100;498
18.575;100;460
18.585;100;478
18.595;100;468
18.605;100;498
18.615;100;483
18.625;100;525
18.635;100;502
18.645;100;519
18.655;100;495
18.665;100;533
18.675;100;496
18.685;100;519
18.695;100;507
18.705;100;543
18.715;100;515
18.725;100;531
18.735;100;499
18.745;100;522
18.755;100;536
18.765;100;529
18.775;100;518
18.785;100;517
18.795;100;503
18.805;100;537
18.815;100;523
18.825;100;531
18.835;100;509
18.845;100;525
18.855;100;519
18.865;100;540
18.875;100;519
18.885;100;529
18.895;100;507
18.905;100;520
18.915;100;508
18.925;100;555
18.935;100;501
18.945;100;527
18.955;100;525
18.965;100;529
18.975;100;508
18.985;100;532
18.995;100;522
19.005;100;545
19.015;100;492
19.025;100;526
19.035;100;520
19.045;100;533
19.055;100;528
19.065;100;532
19.075;100;532
19.085;100;527
19.095;100;514
19.105;100;515
19.115;100;499
19.125;100;521
19.135;100;512
19.145;100;508
19.155;100;505
19.165;100;529
19.175;100;493
19.185;100;482
19.195;100;541
19.205;100;689
19.215;100;738
19.225;100;547
19.235;100;458
19.245;100;455
19.255;100;469
19.265;100;483
19.275;100;477
19.285;100;502
19.295;100;505
19.305;100;515
19.315;100;485
19.325;100;529
19.335;100;512
19.345;100;530
19.355;100;504
19.365;100;527
19.375;100;528
19.385;100;538
19.395;100;547
19.405;100;543
19.415;100;542
19.425;100;568
19.435;100;572
19.445;100;593
19.455;100;598
19.465;100;584
19.475;100;570
19.485;100;582
19.495;100;526
19.505;100;480
19.515;100;432
19.525;100;447
19.535;100;405
19.545;100;432
19.555;100;434
19.565;100;463
19.575;100;415
19.585;100;467
19.595;100;448
19.605;100;473
19.615;100;467
19.625;100;478
19.635;100;476
19.645;100;491
19.655;100;485
19.665;100;507
19.675;100;488
19.685;100;509
19.695;100;494
19.705;100;508
19.715;100;504
19.725;100;515
19.735;100;492
19.745;100;513
19.755;100;503
19.765;100;499
19.775;100;500
19.785;100;509
19.795;100;499
19.805;100;537
19.815;100;492
19.825;100;519
19.835;100;494
19.845;100;532
19.855;100;500
19.865;100;521
19.875;100;499
19.885;100;531
19.895;100;511
19.905;100;519
19.915;100;499
19.925;100;520
19.935;100;487
19.945;100;524
19.955;100;513
19.965;100;537
19.975;100;499
19.985;100;515
19.995;100;533
20.005;100;521
20.015;100;485
20.025;100;507
20.035;100;505
20.045;100;512
20.055;100;498
20.065;100;507
20.075;100;491
20.085;100;503
20.095;100;499
20.105;100;500
20.115;100;510
20.125;100;653
20.135;100;725
20.145;100;621
20.155;100;439
20.165;100;465
20.175;100;450
20.185;100;498
20.195;100;471
20.205;100;477
20.215;100;490
20.225;100;516
20.235;100;468
20.245;100;494
20.255;100;497
20.265;100;499
20.275;100;491
20.285;100;515
20.295;100;536
20.305;100;519
20.315;100;516
20.325;100;554
20.335;100;530
20.345;100;555
20.355;100;560
20.365;100;587
20.375;100;604
20.385;100;609
20.395;100;562
20.405;100;564
20.415;100;523
20.425;100;483
20.435;100;437
20.445;100;436
20.455;100;425
20.465;100;446
20.475;100;403
20.485;100;441
20.495;100;419
20.505;100;451
20.515;100;444
20.525;100;460
20.535;100;490
20.545;100;468
20.555;100;455
20.565;100;485
20.575;100;487
20.585;100;494
20.595;100;511
20.605;100;499
20.615;100;466
20.625;100;509
20.635;100;490
20.645;100;501
20.655;100;488
20.665;100;526
20.675;100;499
20.685;100;508
20.695;100;539
20.705;100;510
20.715;100;501
20.725;100;491
20.735;100;507
20.745;100;515
20.755;100;507
20.765;100;524
20.775;100;496
20.785;100;524
20.795;100;497
20.805;100;498
20.815;100;510
20.825;100;518
20.835;100;505
20.845;100;546
20.855;100;498
20.865;100;530
20.875;100;500
20.885;100;537
20.895;100;490
20.905;100;507
20.915;100;502
20.925;100;521
20.935;100;510
20.945;100;541
20.955;100;484
20.965;100;516
20.975;100;490
20.985;100;507
20.995;100;494
21.005;100;512
21.015;100;510
21.025;100;524
21.035;100;497
21.045;100;523
21.055;100;524
21.065;100;498
21.075;100;499
21.085;100;501
21.095;100;501
21.105;100;519
21.115;100;530
21.125;100;547
21.135;100;507
21.145;100;531
21.155;100;496
21.165;100;507
21.175;100;486
21.185;100;509
21.195;100;502
21.205;100;504
21.215;100;475
21.225;100;514
21.235;100;497
21.245;100;485
21.255;100;474
21.265;100;522
21.275;100;647
21.285;100;747
21.295;100;610
21.305;100;470
21.315;100;425
21.325;100;453
21.335;100;461
21.345;100;489
21.355;100;456
21.365;100;479
21.375;100;459
21.385;100;495
21.395;100;468
21.405;100;496
21.415;100;496
21.425;100;507
21.435;100;496
21.445;100;521
21.455;100;515
21.465;100;512
21.475;100;522
21.485;100;533
21.495;100;550
21.505;100;576
21.515;100;574
21.525;100;591
21.535;100;577
21.545;100;584
21.555;100;558
21.565;100;537
21.575;100;483
21.585;100;477
21.595;100;458
21.605;100;427
21.615;100;413
21.625;100;403
21.635;100;410
21.645;100;441
21.655;100;430
21.665;100;474
21.675;100;459
21.685;100;455
21.695;100;445
21.705;100;472
21.715;100;461
21.725;100;488
21.735;100;494
21.745;100;511
21.755;100;481
21.765;100;476
21.775;100;483
21.785;100;495
21.795;100;489
21.805;100;517
21.815;100;512
21.825;100;519
21.835;100;495
21.845;100;480
21.855;100;484
21.865;100;513
21.875;100;508
21.885;100;517
21.895;100;512
21.905;100;513
21.915;100;502
21.925;100;497
21.935;100;501
21.945;100;510
21.955;100;507
21.965;100;515
21.975;100;502
21.985;100;524
21.995;100;499
22.006;100;525
22.016;100;506
22.026;100;514
22.036;100;505
22.046;100;524
22.056;100;511
22.066;100;518
22.076;100;512
22.086;100;519
22.096;100;496
22.106;100;516
22.116;100;495
22.126;100;511
22.136;100;516
22.146;100;532
22.156;100;503
22.166;100;523
22.176;100;512
22.186;100;527
22.196;100;508
22.206;100;499
22.216;100;502
22.226;100;503
22.236;100;499
22.246;100;520
22.256;100;488
22.266;100;528
22.276;100;495
22.286;100;487
22.296;100;550
22.306;100;671
22.316;100;722
22.326;100;509
22.336;100;450
22.346;100;474
22.356;100;451
22.366;100;490
22.376;100;469
22.386;100;471
22.396;100;477
22.406;100;499
22.416;100;481
22.426;100;513
22.436;100;523
22.446;100;491
22.456;100;510
22.466;100;514
22.476;100;512
22.486;100;532
22.496;100;537
22.506;100;530
22.516;100;535
22.526;100;571
22.536;100;570
22.546;100;578
22.556;100;598
22.566;100;599
22.576;100;558
22.586;100;562
22.596;100;518
22.606;100;480
22.616;100;449
22.626;100;435
22.636;100;400
22.646;100;408
22.656;100;420
22.666;100;434
22.676;100;435
22.686;100;467
22.696;100;445
22.706;100;445
22.716;100;459
22.726;100;462
22.736;100;481
22.746;100;489
22.756;100;489
22.766;100;496
22.776;100;474
22.786;100;490
22.796;100;492
22.806;100;513
22.816;100;525
22.826;100;491
22.836;100;488
22.846;100;496
22.856;100;487
22.866;100;516
22.876;100;516
22.886;100;537
22.896;100;490
22.906;100;486
22.916;100;505
22.926;100;523
22.936;100;508
22.946;100;509
22.956;100;515
22.966;100;529
22.976;100;516
22.986;100;522
22.996;100;530
23.006;100;503
23.016;100;525
23.026;100;505
23.036;100;506
23.046;100;516
23.056;100;503
23.066;100;519
23.076;100;494
23.086;100;539
23.096;100;495
23.106;100;540
23.116;100;486
23.126;100;513
23.136;100;507
23.146;100;534
23.156;100;543
23.166;100;540
23.176;100;505
23.186;100;487
23.196;100;494
23.206;100;504
23.216;100;512
23.226;100;519
23.236;100;524
23.246;100;524
23.256;100;481
23.266;100;478
23.276;100;532
23.286;100;671
23.296;100;768
23.306;100;616
23.316;100;438
23.326;100;451
23.336;100;462
23.346;100;470
23.356;100;476
23.366;100;489
23.376;100;479
23.386;100;491
23.396;100;493
23.406;100;523
23.416;100;483
23.426;100;507
23.436;100;480
23.446;100;506
23.456;100;512
23.466;100;544
23.476;100;536
23.486;100;519
23.496;100;545
23.506;100;543
23.516;100;562
23.526;100;594
23.536;100;592
23.546;100;607
23.556;100;594
23.566;100;564
23.576;100;525
23.586;100;498
23.596;100;460
23.606;100;451
23.616;100;431
23.626;100;437
23.636;100;416
23.646;100;464
23.656;100;416
23.666;100;450
23.676;100;456
23.686;100;455
23.696;100;473
23.706;100;493
23.716;100;474
23.726;100;514
23.736;100;474
23.746;100;474
23.756;100;480
23.766;100;508
23.776;100;519
23.786;100;497
23.796;100;507
23.806;100;492
23.816;100;513
23.826;100;496
23.836;100;512
23.846;100;505
23.856;100;514
23.866;100;504
23.876;100;492
23.886;100;529
23.896;100;485
23.906;100;523
23.916;100;523
23.926;100;504
23.936;100;500
23.946;100;503
23.956;100;515
23.966;100;515
23.976;100;518
23.986;100;515
23.996;100;488
24.006;100;496
24.016;100;512
24.026;100;526
24.036;100;504
24.046;100;541
24.056;100;518
24.066;100;501
24.076;100;508
24.086;100;505
24.096;100;497
24.106;100;515
24.116;100;542
24.126;100;519
24.136;100;489
24.146;100;514
24.156;100;518
24.166;100;512
24.176;100;508
24.186;100;525
24.196;100;506
24.206;100;519
24.216;100;512
24.226;100;507
24.236;100;506
24.246;100;519
24.256;100;536
24.266;100;527
24.276;100;506
24.286;100;515
24.296;100;503
24.306;100;510
24.316;100;496
24.326;100;515
24.336;100;515
24.346;100;491
24.356;100;484
24.366;100;507
24.376;100;518
24.386;100;509
24.396;100;469
24.406;100;502
24.416;100;633
24.426;100;750
24.436;100;637
24.446;100;460
24.456;100;457
24.466;100;473
24.476;100;459
24.486;100;482
24.496;100;475
24.506;100;465
24.516;100;500
24.526;100;515
24.536;100;491
24.546;100;482
24.556;100;508
24.566;100;510
24.576;100;512
24.586;100;524
24.596;100;532
24.606;100;544
24.616;100;519
24.626;100;539
24.636;100;556
24.646;100;559
24.656;100;577
24.666;100;584
24.676;100;609
24.686;100;589
24.696;100;565
24.706;100;526
24.716;100;500
24.726;100;469
24.736;100;438
24.746;100;456
24.756;100;433
24.766;100;432
24.776;100;425
24.786;100;425
24.796;100;428
24.806;100;445
24.816;100;465
24.826;100;486
24.836;100;472
24.846;100;473
24.856;100;467
24.866;100;496
24.876;100;488
24.886;100;502
24.896;100;500
24.906;100;485
24.916;100;513
24.926;100;496
24.936;100;496
24.946;100;516
24.956;100;519
24.966;100;510
24.976;100;504
24.986;100;532
24.996;100;501
25.006;100;502
25.016;100;503
25.026;100;519
25.036;100;514
25.046;100;513
25.056;100;531
25.066;100;502
25.076;100;509
25.086;100;515
25.096;100;511
25.106;100;510
25.116;100;508
25.126;100;523
25.136;100;519
25.146;100;514
25.156;100;492
25.166;100;509
25.176;100;518
25.186;100;529
25.196;100;524
25.206;100;492
25.216;100;520
25.226;100;515
25.236;100;506
25.246;100;501
25.256;100;507
25.266;100;522
25.276;100;514
25.286;100;530
25.296;100;519
25.306;100;494
25.316;100;514
25.326;100;521
25.336;100;519
25.346;100;539
25.356;100;517
25.366;100;515
25.376;100;510
25.386;100;494
25.396;100;499
25.406;100;513
25.416;100;518
25.426;100;521
25.436;100;494
25.446;100;488
25.456;100;512
25.466;100;472
25.476;100;536
25.486;100;643
25.496;100;709
25.506;100;553
25.516;100;449
25.526;100;467
25.536;100;456
25.546;100;499
25.556;100;469
25.566;100;483
25.576;100;493
25.586;100;504
25.596;100;496
25.606;100;493
25.616;100;490
25.626;100;493
25.636;100;517
25.646;100;531
25.656;100;532
25.666;100;517
25.676;100;528
25.686;100;532
25.696;100;540
25.706;100;570
25.716;100;568
25.726;100;592
25.736;100;590
25.746;100;613
25.756;100;561
25.766;100;568
25.776;100;540
25.786;100;487
25.796;100;461
25.806;100;444
25.816;100;423
25.826;100;423
25.836;100;417
25.846;100;447
25.856;100;430
25.866;100;450
25.876;100;439
25.886;100;449
25.896;100;461
25.906;100;467
25.916;100;498
25.926;100;472
25.936;100;499
25.946;100;486
25.956;100;489
25.966;100;495
25.976;100;495
25.986;100;512
25.996;100;488
26.007;100;496
26.017;100;492
26.027;100;508
26.037;100;501
26.047;100;495
26.057;100;511
26.067;100;516
26.077;100;511
26.087;100;497
26.097;100;509
26.107;100;500
26.117;100;495
26.127;100;517
26.137;100;520
26.147;100;519
26.157;100;508
26.167;100;504
26.177;100;513
26.187;100;493
26.197;100;517
26.207;100;518
26.217;100;505
26.227;100;500
26.237;100;526
26.247;100;509
26.257;100;511
26.267;100;515
26.277;100;536
26.287;100;532
26.297;100;487
26.307;100;523
26.317;100;532
26.327;100;522
26.337;100;518
26.347;100;501
26.357;100;511
26.367;100;505
26.377;100;484
26.387;100;512
26.397;100;511
26.407;100;507
26.417;100;486
26.427;100;543
26.437;100;678
26.447;100;731
26.457;100;540
26.467;100;462
26.477;100;454
26.487;100;458
26.497;100;465
26.507;100;478
26.517;100;472
26.527;100;472
26.537;100;494
26.547;100;518
26.557;100;501
26.567;100;495
26.577;100;514
26.587;100;519
26.597;100;494
26.607;100;514
26.617;100;551
26.627;100;511
26.637;100;534
26.647;100;542
26.657;100;539
26.667;100;571
26.677;100;590
26.687;100;614
26.697;100;577
26.707;100;567
26.717;100;560
26.727;100;523
26.737;100;476
26.747;100;459
26.757;100;453
26.767;100;437
26.777;100;441
26.787;100;404
26.797;100;413
26.807;100;444
26.817;100;454
26.827;100;439
26.837;100;491
26.847;100;455
26.857;100;472
26.867;100;464
26.877;100;468
26.887;100;487
26.897;100;501
26.907;100;480
26.917;100;500
26.927;100;500
26.937;100;510
26.947;100;497
26.957;100;511
26.967;100;498
26.977;100;525
26.987;100;479
26.997;100;501
27.007;100;474
27.017;100;511
27.027;100;512
27.037;100;513
27.047;100;510
27.057;100;522
27.067;100;486
27.077;100;477
27.087;100;488
27.097;100;515
27.107;100;519
27.117;100;515
27.127;100;520
27.137;100;494
27.147;100;485
27.157;100;505
27.167;100;497
27.177;100;506
27.187;100;510
27.197;100;539
27.207;100;498
27.217;100;505
27.227;100;481
27.237;100;501
27.247;100;500
27.257;100;514
27.267;100;493
27.277;100;523
27.287;100;503
27.297;100;505
27.307;100;496
27.317;100;527
27.327;100;514
27.337;100;519
27.347;100;485
27.357;100;491
27.367;100;507
27.377;100;491
27.387;100;490
27.397;100;508
27.407;100;491
27.417;100;467
27.427;100;515
27.437;100;649
27.447;100;731
27.457;100;645
27.467;100;436
27.477;100;457
27.487;100;432
27.497;100;476
27.507;100;460
27.517;100;473
27.527;100;480
27.537;100;493
27.547;100;481
27.557;100;486
27.567;100;511
27.577;100;496
27.587;100;517
27.597;100;520
27.607;100;504
27.617;100;528
27.627;100;521
27.637;100;545
27.647;100;531
27.657;100;563
27.667;100;582
27.677;100;588
27.687;100;579
27.697;100;596
27.707;100;575
27.717;100;583
27.727;100;535
27.737;100;500
27.747;100;483
27.757;100;475
27.767;100;399
27.777;100;435
27.787;100;412
27.797;100;443
27.807;100;443
27.817;100;445
27.827;100;479
27.837;100;446
27.847;100;449
27.857;100;481
27.867;100;473
27.877;100;514
27.887;100;487
27.897;100;505
27.907;100;486
27.917;100;496
27.927;100;488
27.937;100;508
27.947;100;503
27.957;100;514
27.967;100;502
27.977;100;506
27.987;100;494
27.997;100;518
28.007;100;516
28.017;100;518
28.027;100;526
28.037;100;521
28.047;100;496
28.057;100;513
28.067;100;509
28.077;100;520
28.087;100;509
28.097;100;521
28.107;100;530
28.117;100;509
28.127;100;519
28.137;100;519
28.147;100;509
28.157;100;513
28.167;100;516
28.177;100;517
28.187;100;523
28.197;100;510
28.207;100;513
28.217;100;521
28.227;100;509
28.237;100;534
28.247;100;502
28.257;100;532
28.267;100;530
28.277;100;524
28.287;100;513
28.297;100;523
28.307;100;499
28.317;100;505
28.327;100;491
28.337;100;520
28.347;100;520
28.357;100;506
28.367;100;469
28.377;100;525
28.387;100;626
28.397;100;705
28.407;100;606
28.417;100;455
28.427;100;447
28.437;100;485
28.447;100;489
28.457;100;487
28.467;100;486
28.477;100;509
28.487;100;490
28.497;100;518
28.507;100;511
28.517;100;501
28.527;100;492
28.537;100;524
28.547;100;513
28.557;100;527
28.567;100;509
28.577;100;547
28.587;100;547
28.597;100;570
28.607;100;534
28.617;100;568
28.627;100;570
28.637;100;610
28.647;100;604
28.657;100;614
28.667;100;555
28.677;100;527
28.687;100;484
28.697;100;475
28.707;100;436
28.717;100;444
28.727;100;417
28.737;100;446
28.747;100;406
28.757;100;442
28.767;100;447
28.777;100;461
28.787;100;452
28.797;100;481
28.807;100;485
28.817;100;478
28.827;100;477
28.837;100;490
28.847;100;486
28.857;100;497
28.867;100;506
28.877;100;510
28.887;100;485
28.897;100;504
28.907;100;493
28.917;100;512
28.927;100;493
28.937;100;539
28.947;100;502
28.957;100;520
28.967;100;500
28.977;100;513
28.987;100;499
28.997;100;525
29.007;100;516
29.017;100;537
29.027;100;497
29.037;100;511
29.047;100;490
29.057;100;518
29.067;100;519
29.077;100;535
29.087;100;532
29.097;100;545
29.107;100;482
29.117;100;506
29.127;100;500
29.137;100;550
29.147;100;529
29.157;100;536
29.167;100;552
29.177;100;527
29.187;100;514
29.197;100;480
29.207;100;497
29.217;100;523
29.227;100;496
29.237;100;519
29.247;100;530
29.257;100;530
29.267;100;507
29.277;100;472
29.287;100;463
29.297;100;594
29.307;100;707
29.317;100;735
29.327;100;489
29.337;100;467
29.347;100;453
29.357;100;478
29.367;100;449
29.377;100;473
29.387;100;466
29.397;100;498
29.407;100;503
29.417;100;515
29.427;100;477
29.437;100;489
29.447;100;495
29.457;100;527
29.467;100;507
29.477;100;540
29.487;100;533
29.497;100;522
29.507;100;522
29.517;100;550
29.527;100;554
29.537;100;595
29.547;100;622
29.557;100;613
29.567;100;546
29.577;100;565
29.587;100;526
29.597;100;515
29.607;100;458
29.617;100;488
29.627;100;419
29.637;100;415
29.647;100;413
29.657;100;430
29.667;100;456
29.677;100;449
29.687;100;435
29.697;100;478
29.707;100;445
29.717;100;468
29.727;100;483
29.737;100;509
29.747;100;458
29.757;100;474
29.767;100;479
29.777;100;519
29.787;100;492
29.797;100;519
29.807;100;499
29.817;100;501
29.827;100;477
29.837;100;518
29.847;100;504
29.857;100;500
29.867;100;506
29.877;100;509
29.887;100;494
29.897;100;509
29.907;100;507
29.917;100;527
29.927;100;515
29.937;100;494
29.947;100;495
29.957;100;513
29.967;100;497
29.977;100;545
29.987;100;502
29.997;100;501
30.008;100;489
30.018;100;512
30.028;100;498
30.038;100;528
30.048;100;514
30.058;100;526
30.068;100;489
30.078;100;510
30.088;100;513
30.098;100;511
30.108;100;511
30.118;100;512
30.128;100;502
30.138;100;536
30.148;100;496
30.158;100;503
30.168;100;500
30.178;100;513
30.188;100;507
30.198;100;503
30.208;100;504
30.218;100;506
30.228;100;525
30.238;100;512
30.248;100;481
30.258;100;523
30.268;100;509
30.278;100;523
30.288;100;512
30.298;100;518
30.308;100;473
30.318;100;493
30.328;100;491
30.338;100;503
30.348;100;504
30.358;100;515
30.368;100;487
30.378;100;463
30.388;100;470
30.398;100;636
30.408;100;744
30.418;100;670
30.428;100;442
30.438;100;448
30.448;100;439
30.458;100;460
30.468;100;450
30.478;100;482
30.488;100;464
30.498;100;491
30.508;100;479
30.518;100;491
30.528;100;476
30.538;100;516
30.548;100;490
30.558;100;523
30.568;100;488
30.578;100;552
30.588;100;504
30.598;100;515
30.608;100;533
30.618;100;560
30.628;100;544
30.638;100;577
30.648;100;581
30.658;100;600
30.668;100;572
30.678;100;574
30.688;100;531
30.698;100;503
30.708;100;448
30.718;100;430
30.728;100;424
30.738;100;444
30.748;100;421
30.758;100;429
30.768;100;399
30.778;100;445
30.788;100;439
30.798;100;455
30.808;100;459
30.818;100;487
30.828;100;468
30.838;100;478
30.848;100;460
30.858;100;494
30.868;100;474
30.878;100;494
30.888;100;504
30.898;100;520
30.908;100;488
30.918;100;504
30.928;100;501
30.938;100;504
30.948;100;480
30.958;100;514
30.968;100;499
30.978;100;531
30.988;100;495
30.998;100;509
31.008;100;499
31.018;100;525
31.028;100;507
31.038;100;516
31.048;100;521
31.058;100;521
31.068;100;482
31.078;100;513
31.088;100;507
31.098;100;527
31.108;100;523
31.118;100;545
31.128;100;510
31.138;100;519
31.148;100;502
31.158;100;513
31.168;100;516
31.178;100;520
31.188;100;539
31.198;100;508
31.208;100;510
31.218;100;523
31.228;100;486
31.238;100;528
31.248;100;503
31.258;100;526
31.268;100;524
31.278;100;523
31.288;100;503
31.298;100;501
31.308;100;510
31.318;100;519
31.328;100;520
31.338;100;515
31.348;100;490
31.358;100;527
31.368;100;516
31.378;100;546
31.388;100;501
31.398;100;511
31.408;100;482
31.418;100;515
31.428;100;505
31.438;100;515
31.448;100;489
31.458;100;515
31.468;100;494
31.478;100;521
31.488;100;455
31.498;100;565
31.508;100;662
31.518;100;735
31.528;100;486
31.538;100;461
31.548;100;479
31.558;100;467
31.568;100;461
31.578;100;484
31.588;100;477
31.598;100;506
31.608;100;492
31.618;100;513
31.628;100;499
31.638;100;500
31.648;100;498
31.658;100;515
31.668;100;544
31.678;100;509
31.688;100;523
31.698;100;546
31.708;100;561
31.718;100;556
31.728;100;558
31.738;100;575
31.748;100;582
31.758;100;599
31.768;100;570
31.778;100;608
31.788;100;564
31.798;100;539
31.808;100;469
31.818;100;465
31.828;100;437
31.838;100;424
31.848;100;418
31.858;100;423
31.868;100;439
31.878;100;468
31.888;100;417
31.898;100;461
31.908;100;436
31.918;100;472
31.928;100;479
31.938;100;510
31.948;100;463
31.958;100;492
31.968;100;511
31.978;100;494
31.988;100;493
31.998;100;484
32.008;100;502
32.018;100;508
32.028;100;500
32.038;100;515
32.048;100;508
32.058;100;505
32.068;100;467
32.078;100;525
32.088;100;491
32.098;100;524
32.108;100;499
32.118;100;509
32.128;100;504
32.138;100;516
32.148;100;498
32.158;100;508
32.168;100;502
32.178;100;528
32.188;100;503
32.198;100;503
32.208;100;503
32.218;100;522
32.228;100;523
32.238;100;506
32.248;100;517
32.258;100;511
32.268;100;506
32.278;100;518
32.288;100;504
32.298;100;507
32.308;100;520
32.318;100;532
32.328;100;516
32.338;100;508
32.348;100;498
32.358;100;518
32.368;100;512
32.378;100;523
32.388;100;536
32.398;100;543
32.408;100;513
32.418;100;535
32.428;100;483
32.438;100;500
32.448;100;498
32.458;100;540
32.468;100;509
32.478;100;532
32.488;100;486
32.498;100;497
32.508;100;473
32.518;100;512
32.528;100;602
32.538;100;753
32.548;100;663
32.558;100;470
32.568;100;454
32.578;100;466
32.588;100;474
32.598;100;491
32.608;100;474
32.618;100;484
32.628;100;483
32.638;100;509
32.648;100;475
32.658;100;514
32.668;100;511
32.678;100;529
32.688;100;476
32.698;100;528
32.708;100;528
32.718;100;519
32.728;100;525
32.738;100;554
32.748;100;547
32.758;100;571
32.768;100;571
32.778;100;587
32.788;100;586
32.798;100;587
32.808;100;579
32.818;100;549
32.828;100;505
32.838;100;476
32.848;100;433
32.858;100;442
32.868;100;429
32.878;100;442
32.888;100;403
32.898;100;425
32.908;100;464
32.918;100;461
32.928;100;458
32.938;100;474
32.948;100;456
32.958;100;483
32.968;100;483
32.978;100;497
32.988;100;470
32.998;100;501
33.008;100;489
33.018;100;500
33.028;100;492
33.038;100;511
33.048;100;502
33.058;100;524
33.068;100;475
33.078;100;499
33.088;100;500
33.098;100;522
33.108;100;508
33.118;100;528
33.128;100;496
33.138;100;511
33.148;100;492
33.158;100;516
33.168;100;501
33.178;100;524
33.188;100;523
33.198;100;536
33.208;100;478
33.218;100;504
33.228;100;515
33.238;100;510
33.248;100;509
33.258;100;529
33.268;100;502
33.278;100;515
33.288;100;505
33.298;100;495
33.308;100;496
33.318;100;524
33.328;100;508
33.338;100;512
33.348;100;512
33.358;100;524
33.368;100;502
33.378;100;511
33.388;100;489
33.398;100;511
33.408;100;512
33.418;100;512
33.428;100;513
33.438;100;497
33.448;100;504
33.458;100;513
33.468;100;512
33.478;100;531
33.488;100;527
33.498;100;508
33.508;100;527
33.518;100;510
33.528;100;475
33.538;100;500
33.548;100;505
33.558;100;515
33.568;100;485
33.578;100;497
33.588;100;498
33.598;100;473
33.608;100;527
33.618;100;683
33.628;100;728
33.638;100;579
33.648;100;463
33.658;100;444
33.668;100;449
33.678;100;472
33.688;100;458
33.698;100;486
33.708;100;497
33.718;100;483
33.728;100;488
33.738;100;510
33.748;100;477
33.758;100;505
33.768;100;506
33.778;100;519
33.788;100;508
33.798;100;542
33.808;100;532
33.818;100;515
33.828;100;530
33.838;100;557
33.848;100;567
33.858;100;583
33.868;100;595
33.878;100;601
33.888;100;575
33.898;100;569
33.908;100;511
33.918;100;487
33.928;100;451
33.938;100;444
33.948;100;436
33.958;100;435
33.968;100;409
33.978;100;435
33.988;100;414
33.998;100;446
34.009;100;440
34.019;100;458
34.029;100;459
34.039;100;483
34.049;100;463
34.059;100;490
34.069;100;482
34.079;100;490
34.089;100;485
34.099;100;492
34.109;100;489
34.119;100;518
34.129;100;519
34.139;100;510
34.149;100;488
34.159;100;509
34.169;100;491
34.179;100;500
34.189;100;505
34.199;100;520
34.209;100;508
34.219;100;519
34.229;100;503
34.239;100;496
34.249;100;505
34.259;100;518
34.269;100;513
34.279;100;514
34.289;100;511
34.299;100;499
34.309;100;517
34.319;100;507
34.329;100;501
34.339;100;521
34.349;100;519
34.359;100;551
34.369;100;492
34.379;100;504
34.389;100;529
34.399;100;495
34.409;100;502
34.419;100;517
34.429;100;528
34.439;100;530
34.449;100;507
34.459;100;517
34.469;100;493
34.479;100;509
34.489;100;512
34.499;100;530
34.509;100;527
34.519;100;550
34.529;100;527
34.539;100;473
34.549;100;490
34.559;100;511
34.569;100;512
34.579;100;487
34.589;100;529
34.599;100;519
34.609;100;494
34.619;100;487
34.629;100;572
34.639;100;684
34.649;100;696
34.659;100;477
34.669;100;445
34.679;100;462
34.689;100;482
34.699;100;478
34.709;100;473
34.719;100;501
34.729;100;486
34.739;100;495
34.749;100;496
34.759;100;511
34.769;100;519
34.779;100;507
34.789;100;524
34.799;100;512
34.809;100;513
34.819;100;539
34.829;100;532
34.839;100;535
34.849;100;564
34.859;100;566
34.869;100;565
34.879;100;593
34.889;100;586
34.899;100;608
34.909;100;562
34.919;100;560
34.929;100;543
34.939;100;481
34.949;100;446
34.959;100;423
34.969;100;434
34.979;100;431
34.989;100;411
34.999;100;420
35.009;100;444
35.019;100;448
35.029;100;447
35.039;100;472
35.049;100;470
35.059;100;488
35.069;100;476
35.079;100;495
35.089;100;492
35.099;100;467
35.109;100;495
35.119;100;492
35.129;100;497
35.139;100;526
35.149;100;495
35.159;100;527
35.169;100;492
35.179;100;482
35.189;100;529
35.199;100;504
35.209;100;493
35.219;100;519
35.229;100;530
35.239;100;508
35.249;100;514
35.259;100;528
35.269;100;498
35.279;100;504
35.289;100;513
35.299;100;531
35.309;100;528
35.319;100;532
35.329;100;491
35.339;100;505
35.349;100;513
35.359;100;515
35.369;100;499
35.379;100;536
35.389;100;519
35.399;100;523
35.409;100;527
35.419;100;524
35.429;100;508
35.439;100;515
35.449;100;531
35.459;100;536
35.469;100;524
35.479;100;515
35.489;100;479
35.499;100;513
35.509;100;506
35.519;100;492
35.529;100;507
35.539;100;533
35.549;100;500
35.559;100;485
35.569;100;524
35.579;100;676
35.589;100;751
35.599;100;557
35.609;100;449
35.619;100;475
35.629;100;463
35.639;100;474
35.649;100;466
35.659;100;476
35.669;100;491
35.679;100;508
35.689;100;488
35.699;100;519
35.709;100;486
35.719;100;497
35.729;100;508
35.739;100;528
35.749;100;529
35.759;100;514
35.769;100;541
35.779;100;524
35.789;100;540
35.799;100;556
35.809;100;570
35.819;100;588
35.829;100;622
35.839;100;593
35.849;100;568
35.859;100;552
35.869;100;534
35.879;100;500
35.889;100;467
35.899;100;447
35.909;100;444
35.919;100;440
35.929;100;410
35.939;100;416
35.949;100;431
35.959;100;451
35.969;100;466
35.979;100;454
35.989;100;479
35.999;100;463
36.009;100;473
36.019;100;476
36.029;100;484
36.039;100;495
36.049;100;496
36.059;100;501
36.069;100;502
36.079;100;499
36.089;100;507
36.099;100;489
36.109;100;493
36.119;100;513
36.129;100;508
36.139;100;519
36.149;100;529
36.159;100;505
36.169;100;494
36.179;100;496
36.189;100;516
36.199;100;507
36.209;100;502
36.219;100;514
36.229;100;529
36.239;100;504
36.249;100;513
36.259;100;511
36.269;100;508
36.279;100;512
36.289;100;508
36.299;100;523
36.309;100;499
36.319;100;506
36.329;100;525
36.339;100;507
36.349;100;517
36.359;100;524
36.369;100;523
36.379;100;518
36.389;100;500
36.399;100;515
36.409;100;508
36.419;100;528
36.429;100;527
36.439;100;515
36.449;100;556
36.459;100;514
36.469;100;503
36.479;100;497
36.489;100;499
36.499;100;504
36.509;100;519
36.519;100;523
36.529;100;514
36.539;100;497
36.549;100;463
36.559;100;479
36.569;100;591
36.579;100;722
36.589;100;735
36.599;100;500
36.609;100;439
36.619;100;437
36.629;100;462
36.639;100;463
36.649;100;470
36.659;100;476
36.669;100;495
36.679;100;489
36.689;100;495
36.699;100;495
36.709;100;503
36.719;100;511
36.729;100;514
36.739;100;507
36.749;100;499
36.759;100;510
36.769;100;527
36.779;100;542
36.789;100;558
36.799;100;571
36.809;100;579
36.819;100;593
36.829;100;590
36.839;100;566
36.849;100;576
36.859;100;555
36.869;100;532
36.879;100;515
36.889;100;445
36.899;100;415
36.909;100;415
36.919;100;426
36.929;100;422
36.939;100;444
36.949;100;454
36.959;100;450
36.969;100;459
36.979;100;472
36.989;100;470
36.999;100;473
37.009;100;475
37.019;100;486
37.029;100;500
37.039;100;507
37.049;100;504
37.059;100;499
37.069;100;481
37.079;100;493
37.089;100;506
37.099;100;492
37.109;100;507
37.119;100;519
37.129;100;508
37.139;100;516
37.149;100;481
37.159;100;514
37.169;100;507
37.179;100;519
37.189;100;517
37.199;100;509
37.209;100;515
37.219;100;510
37.229;100;517
37.239;100;499
37.249;100;516
37.259;100;518
37.269;100;533
37.279;100;508
37.289;100;500
37.299;100;515
37.309;100;511
37.319;100;506
37.329;100;519
37.339;100;530
37.349;100;527
37.359;100;519
37.369;100;517
37.379;100;500
37.389;100;516
37.399;100;524
37.409;100;523
37.419;100;520
37.429;100;521
37.439;100;498
37.449;100;502
37.459;100;491
37.469;100;502
37.479;100;498
37.489;100;520
37.499;100;519
37.509;100;478
37.519;100;588
37.529;100;708
37.539;100;684
37.549;100;440
37.559;100;450
37.569;100;497
37.579;100;463
37.589;100;476
37.599;100;477
37.609;100;486
37.619;100;508
37.629;100;520
37.639;100;496
37.649;100;488
37.659;100;493
37.669;100;515
37.679;100;509
37.689;100;519
37.699;100;520
37.709;100;548
37.719;100;513
37.729;100;543
37.739;100;556
37.749;100;567
37.759;100;572
37.769;100;592
37.779;100;591
37.789;100;606
37.799;100;574
37.809;100;545
37.819;100;507
37.829;100;482
37.839;100;428
37.849;100;428
37.859;100;429
37.869;100;432
37.879;100;409
37.889;100;436
37.899;100;426
37.909;100;443
37.919;100;451
37.929;100;466
37.939;100;481
37.949;100;479
37.959;100;488
37.969;100;473
37.979;100;483
37.989;100;490
37.999;100;490
38.01;100;488
38.02;100;503
38.03;100;503
38.04;100;509
38.05;100;515
38.06;100;517
38.07;100;483
38.08;100;481
38.09;100;494
38.1;100;493
38.11;100;523
38.12;100;513
38.13;100;519
38.14;100;506
38.15;100;494
38.16;100;511
38.17;100;521
38.18;100;521
38.19;100;520
38.2;100;516
38.21;100;529
38.22;100;544
38.23;100;500
38.24;100;511
38.25;100;523
38.26;100;549
38.27;100;532
38.28;100;518
38.29;100;489
38.3;100;483
38.31;100;508
38.32;100;512
38.33;100;506
38.34;100;515
38.35;100;504
38.36;100;500
38.37;100;486
38.38;100;463
38.39;100;550
38.4;100;688
38.41;100;762
38.42;100;526
38.43;100;467
38.44;100;453
38.45;100;471
38.46;100;454
38.47;100;494
38.48;100;491
38.49;100;501
38.5;100;479
38.51;100;484
38.52;100;504
38.53;100;511
38.54;100;519
38.55;100;536
38.56;100;500
38.57;100;506
38.58;100;529
38.59;100;540
38.6;100;528
38.61;100;569
38.62;100;577
38.63;100;583
38.64;100;557
38.65;100;593
38.66;100;574
38.67;100;596
38.68;100;556
38.69;100;531
38.7;100;476
38.71;100;443
38.72;100;425
38.73;100;431
38.74;100;433
38.75;100;427
38.76;100;454
38.77;100;419
38.78;100;431
38.79;100;472
38.8;100;452
38.81;100;471
38.82;100;494
38.83;100;488
38.84;100;467
38.85;100;486
38.86;100;499
38.87;100;506
38.88;100;492
38.89;100;509
38.9;100;488
38.91;100;510
38.92;100;524
38.93;100;493
38.94;100;508
38.95;100;512
38.96;100;495
38.97;100;518
38.98;100;483
38.99;100;516
39;100;523
39.01;100;531
39.02;100;519
39.03;100;508
39.04;100;503
39.05;100;507
39.06;100;502
39.07;100;512
39.08;100;515
39.09;100;536
39.1;100;555
39.11;100;484
39.12;100;495
39.13;100;508
39.14;100;507
39.15;100;519
39.16;100;515
39.17;100;535
39.18;100;511
39.19;100;521
39.2;100;483
39.21;100;528
39.22;100;533
39.23;100;517
39.24;100;512
39.25;100;527
39.26;100;482
39.27;100;504
39.28;100;490
39.29;100;500
39.3;100;520
39.31;100;510
39.32;100;487
39.33;100;522
39.34;100;611
39.35;100;760
39.36;100;628
39.37;100;466
39.38;100;439
39.39;100;456
39.4;100;467
39.41;100;459
39.42;100;476
39.43;100;471
39.44;100;481
39.45;100;481
39.46;100;502
39.47;100;532
39.48;100;474
39.49;100;507
39.5;100;515
39.51;100;512
39.52;100;511
39.53;100;560
39.54;100;522
39.55;100;553
39.56;100;532
39.57;100;569
39.58;100;556
39.59;100;584
39.6;100;589
39.61;100;592
39.62;100;586
39.63;100;532
39.64;100;495
39.65;100;485
39.66;100;426
39.67;100;421
39.68;100;419
39.69;100;429
39.7;100;430
39.71;100;446
39.72;100;454
39.73;100;470
39.74;100;443
39.75;100;460
39.76;100;463
39.77;100;477
39.78;100;485
39.79;100;493
39.8;100;482
39.81;100;495
39.82;100;506
39.83;100;500
39.84;100;495
39.85;100;508
39.86;100;500
39.87;100;512
39.88;100;512
39.89;100;489
39.9;100;491
39.91;100;509
39.92;100;499
39.93;100;546
39.94;100;491
39.95;100;523
39.96;100;494
39.97;100;530
39.98;100;507
39.99;100;516
40;100;512
