time;Sampling Frequency;ECG;Pulse
0;100;542;504
0.01;100;543;507
0.02;100;538;512
0.03;100;536;515
0.04;100;535;516
0.05;100;530;519
0.06;100;519;521
0.07;100;520;521
0.08;100;515;526
0.09;100;505;525
0.1;100;507;525
0.11;100;503;526
0.12;100;499;524
0.13;100;503;523
0.14;100;500;521
0.15;100;509;520
0.16;100;508;518
0.17;100;520;516
0.18;100;519;514
0.19;100;504;511
0.2;100;507;514
0.21;100;511;511
0.22;100;513;510
0.23;100;515;512
0.24;100;520;510
0.25;100;519;509
0.26;100;526;509
0.27;100;510;509
0.28;100;490;510
0.29;100;580;508
0.3;100;710;508
0.31;100;754;510
0.32;100;508;512
0.33;100;467;512
0.34;100;460;513
0.35;100;470;515
0.36;100;470;513
0.37;100;486;515
0.38;100;482;514
0.39;100;487;514
0.4;100;486;515
0.41;100;488;515
0.42;100;489;515
0.43;100;501;515
0.44;100;500;516
0.45;100;503;514
0.46;100;508;515
0.47;100;511;513
0.48;100;522;513
0.49;100;531;516
0.5;100;536;515
0.51;100;550;515
0.52;100;559;516
0.53;100;559;515
0.54;100;552;518
0.55;100;549;520
0.56;100;530;523
0.57;100;502;527
0.58;100;478;531
0.59;100;451;534
0.6;100;442;539
0.61;100;433;543
0.62;100;425;546
0.63;100;423;547
0.64;100;433;547
0.65;100;421;547
0.66;100;435;541
0.67;100;446;539
0.68;100;451;533
0.69;100;463;528
0.7;100;471;522
0.71;100;486;516
0.72;100;495;511
0.73;100;507;509
0.74;100;515;506
0.75;100;523;504
0.76;100;531;500
0.77;100;532;501
0.78;100;541;500
0.79;100;544;500
0.8;100;542;503
0.81;100;545;508
0.82;100;538;509
0.83;100;536;512
0.84;100;526;514
0.85;100;525;516
0.86;100;517;519
0.87;100;519;519
0.88;100;506;523
0.89;100;504;521
0.9;100;496;523
0.91;100;504;522
0.92;100;498;521
0.93;100;508;521
0.94;100;503;519
0.95;100;509;517
0.96;100;500;516
0.97;100;500;514
0.98;100;494;514
0.99;100;504;513
1;100;501;511
1.01;100;505;511
1.02;100;510;513
1.03;100;515;511
1.04;100;498;510
1.05;100;488;510
1.06;100;578;512
1.07;100;726;511
1.08;100;783;510
1.09;100;532;510
1.1;100;462;511
1.11;100;457;511
1.12;100;463;512
1.13;100;471;512
1.14;100;464;514
1.15;100;482;514
1.16;100;474;513
1.17;100;489;513
1.18;100;488;512
1.19;100;493;513
1.2;100;496;512
1.21;100;504;512
1.22;100;510;515
1.23;100;509;514
1.24;100;516;513
1.25;100;518;513
1.26;100;523;513
1.27;100;534;513
1.28;100;543;514
1.29;100;553;517
1.3;100;553;516
1.31;100;556;520
1.32;100;544;523
1.33;100;527;526
1.34;100;505;530
1.35;100;480;537
1.36;100;450;538
1.37;100;440;543
1.38;100;433;547
1.39;100;421;550
1.4;100;422;547
1.41;100;427;547
1.42;100;423;543
1.43;100;435;540
1.44;100;441;535
1.45;100;455;534
1.46;100;460;525
1.47;100;478;520
1.48;100;487;514
1.49;100;496;507
1.5;100;510;502
1.51;100;525;499
1.52;100;530;497
1.53;100;542;496
1.54;100;546;496
1.55;100;554;496
1.56;100;552;499
1.57;100;556;501
1.58;100;551;504
1.59;100;546;502
1.6;100;540;508
1.61;100;538;512
1.62;100;533;516
1.63;100;526;518
1.64;100;516;520
1.65;100;515;521
1.66;100;501;523
1.67;100;502;524
1.68;100;495;523
1.69;100;500;523
1.7;100;500;521
1.71;100;504;521
1.72;100;507;519
1.73;100;497;518
1.74;100;493;516
1.75;100;496;516
1.76;100;496;512
1.77;100;505;513
1.78;100;507;513
1.79;100;513;511
1.8;100;513;513
1.81;100;507;513
1.82;100;481;512
1.83;100;560;515
1.84;100;710;514
1.85;100;791;513
1.86;100;545;514
1.87;100;460;512
1.88;100;454;511
1.89;100;459;513
1.9;100;463;513
1.91;100;473;513
1.92;100;479;512
1.93;100;481;511
1.94;100;489;512
1.95;100;491;511
1.96;100;488;513
1.97;100;499;512
1.98;100;507;513
1.99;100;511;511
2;100;512;514
2.01;100;523;511
2.02;100;521;513
2.03;100;529;512
2.04;100;539;514
2.05;100;548;514
2.06;100;555;515
2.07;100;556;519
2.08;100;555;518
2.09;100;551;522
2.1;100;533;526
2.11;100;512;528
2.12;100;487;534
2.13;100;461;539
2.14;100;440;541
2.15;100;431;547
2.16;100;424;549
2.17;100;424;548
2.18;100;431;547
2.19;100;429;543
2.2;100;439;540
2.21;100;447;534
2.22;100;459;528
2.23;100;471;520
2.24;100;486;516
2.25;100;491;512
2.26;100;503;509
2.27;100;515;504
2.28;100;521;504
2.29;100;536;502
2.3;100;538;500
2.31;100;544;503
2.32;100;542;500
2.33;100;542;502
2.34;100;543;505
2.35;100;546;505
2.36;100;539;507
2.37;100;539;509
2.38;100;535;512
2.39;100;530;515
2.4;100;526;518
2.41;100;515;522
2.42;100;517;522
2.43;100;503;524
2.44;100;499;524
2.45;100;499;523
2.46;100;503;523
2.47;100;511;521
2.48;100;515;519
2.49;100;508;517
2.5;100;499;518
2.51;100;504;515
2.52;100;506;514
2.53;100;515;511
2.54;100;515;510
2.55;100;517;510
2.56;100;517;511
2.57;100;524;509
2.58;100;504;511
2.59;100;516;509
2.6;100;631;509
2.61;100;769;508
2.62;100;715;508
2.63;100;484;509
2.64;100;465;507
2.65;100;465;508
2.66;100;470;512
2.67;100;470;511
2.68;100;474;511
2.69;100;483;512
2.7;100;477;513
2.71;100;488;515
2.72;100;484;512
2.73;100;491;515
2.74;100;492;513
2.75;100;499;515
2.76;100;500;515
2.77;100;500;514
2.78;100;509;515
2.79;100;522;513
2.8;100;530;512
2.81;100;533;512
2.82;100;545;515
2.83;100;552;514
2.84;100;550;517
2.85;100;543;520
2.86;100;538;520
2.87;100;523;523
2.88;100;496;527
2.89;100;473;534
2.9;100;454;539
2.91;100;435;541
2.92;100;423;545
2.93;100;419;545
2.94;100;417;545
2.95;100;424;544
2.96;100;432;540
2.97;100;438;536
2.98;100;446;536
2.99;100;455;528
3;100;464;521
3.01;100;473;516
3.02;100;492;511
3.03;100;499;510
3.04;100;510;504
3.05;100;517;499
3.06;100;528;499
3.07;100;538;499
3.08;100;541;496
3.09;100;540;498
3.1;100;547;502
3.11;100;545;501
3.12;100;541;507
3.13;100;540;507
3.14;100;534;513
3.15;100;534;513
3.16;100;526;519
3.17;100;516;518
3.18;100;513;521
3.19;100;504;526
3.2;100;500;523
3.21;100;505;524
3.22;100;500;524
3.23;100;509;521
3.24;100;505;520
3.25;100;499;519
3.26;100;488;518
3.27;100;497;517
3.28;100;499;516
3.29;100;499;511
3.3;100;502;510
3.31;100;501;510
3.32;100;507;508
3.33;100;502;508
3.34;100;481;509
3.35;100;519;505
3.36;100;649;508
3.37;100;775;509
3.38;100;641;510
3.39;100;465;511
3.4;100;460;510
3.41;100;460;508
3.42;100;471;512
3.43;100;478;511
3.44;100;481;515
3.45;100;481;512
3.46;100;490;515
3.47;100;488;513
3.48;100;487;516
3.49;100;504;515
3.5;100;492;512
3.51;100;508;512
3.52;100;512;511
3.53;100;516;512
3.54;100;523;515
3.55;100;536;514
3.56;100;541;515
3.57;100;552;514
3.58;100;557;516
3.59;100;563;514
3.6;100;569;518
3.61;100;564;517
3.62;100;548;523
3.63;100;528;523
3.64;100;503;531
3.65;100;480;533
3.66;100;459;537
3.67;100;444;543
3.68;100;430;545
3.69;100;431;545
3.7;100;426;547
3.71;100;429;544
3.72;100;431;542
3.73;100;440;536
3.74;100;444;531
3.75;100;465;527
3.76;100;474;519
3.77;100;482;514
3.78;100;498;511
3.79;100;503;507
3.8;100;512;503
3.81;100;519;500
3.82;100;529;499
3.83;100;533;501
3.84;100;535;497
3.85;100;540;499
3.86;100;540;502
3.87;100;540;502
3.88;100;543;506
3.89;100;536;509
3.9;100;533;513
3.91;100;527;515
3.92;100;513;515
3.93;100;517;519
3.94;100;519;524
3.95;100;508;522
3.96;100;502;523
3.97;100;488;523
3.98;100;475;522
3.99;100;477;521
4;100;478;519
4.01;100;482;520
4.02;100;482;519
4.03;100;485;518
4.04;100;496;514
4.05;100;493;513
4.06;100;470;512
4.07;100;540;508
4.08;100;673;510
4.09;100;757;508
4.1;100;517;509
4.11;100;458;511
4.12;100;464;510
4.13;100;472;511
4.14;100;484;508
4.15;100;494;507
4.16;100;498;508
4.17;100;504;509
4.18;100;501;513
4.19;100;505;512
4.2;100;503;513
4.21;100;507;513
4.22;100;510;514
4.23;100;514;514
4.24;100;516;513
4.25;100;517;514
4.26;100;523;515
4.27;100;534;513
4.28;100;540;516
4.29;100;547;514
4.3;100;551;515
4.31;100;559;516
4.32;100;555;517
4.33;100;546;522
4.34;100;528;523
4.35;100;510;527
4.36;100;478;531
4.37;100;454;533
4.38;100;444;536
4.39;100;452;539
4.4;100;460;540
4.41;100;464;539
4.42;100;471;542
4.43;100;479;538
4.44;100;476;535
4.45;100;486;532
4.46;100;492;528
4.47;100;504;527
4.48;100;504;518
4.49;100;540;515
4.5;100;560;512
4.51;100;582;506
4.52;100;591;504
4.53;100;603;499
4.54;100;600;500
4.55;100;611;499
4.56;100;604;501
4.57;100;606;499
4.58;100;595;504
4.59;100;594;502
4.6;100;583;509
4.61;100;577;510
4.62;100;573;514
4.63;100;567;517
4.64;100;549;519
4.65;100;523;524
4.66;100;513;524
4.67;100;499;526
4.68;100;499;527
4.69;100;485;525
4.7;100;483;524
4.71;100;482;523
4.72;100;481;519
4.73;100;473;517
4.74;100;448;516
4.75;100;493;516
4.76;100;620;514
4.77;100;726;512
4.78;100;547;508
4.79;100;435;507
4.8;100;444;507
4.81;100;444;508
4.82;100;456;509
4.83;100;466;509
4.84;100;468;510
4.85;100;473;511
4.86;100;478;510
4.87;100;482;513
4.88;100;489;513
4.89;100;492;513
4.9;100;497;514
4.91;100;502;514
4.92;100;502;512
4.93;100;510;513
4.94;100;506;514
4.95;100;518;514
4.96;100;524;513
4.97;100;536;513
4.98;100;541;515
4.99;100;543;513
5;100;538;518
5.01;100;530;520
5.02;100;513;522
5.03;100;486;528
5.04;100;459;530
5.05;100;438;533
5.06;100;423;540
5.07;100;412;540
5.08;100;411;542
5.09;100;409;543
5.1;100;408;542
5.11;100;414;540
5.12;100;421;539
5.13;100;431;534
5.14;100;463;531
5.15;100;489;524
5.16;100;508;521
5.17;100;523;517
5.18;100;536;511
5.19;100;549;510
5.2;100;553;504
5.21;100;561;501
5.22;100;562;502
5.23;100;566;499
5.24;100;563;498
5.25;100;560;499
5.26;100;563;501
5.27;100;561;503
5.28;100;565;506
5.29;100;550;513
5.3;100;545;513
5.31;100;542;518
5.32;100;525;520
5.33;100;504;522
5.34;100;496;523
5.35;100;494;523
5.36;100;490;523
5.37;100;486;522
5.38;100;484;523
5.39;100;480;519
5.4;100;484;520
5.41;100;472;518
5.42;100;447;514
5.43;100;519;512
5.44;100;655;511
5.45;100;745;511
5.46;100;532;512
5.47;100;448;512
5.48;100;446;508
5.49;100;445;508
5.5;100;456;509
5.51;100;461;509
5.52;100;469;508
5.53;100;476;508
5.54;100;479;512
5.55;100;480;511
5.56;100;484;510
5.57;100;485;511
5.58;100;496;511
5.59;100;491;512
5.6;100;492;513
5.61;100;501;517
5.62;100;509;514
5.63;100;512;516
5.64;100;520;514
5.65;100;531;513
5.66;100;534;515
5.67;100;542;515
5.68;100;539;518
5.69;100;528;522
5.7;100;511;527
5.71;100;488;531
5.72;100;462;535
5.73;100;440;540
5.74;100;430;543
5.75;100;421;547
5.76;100;410;546
5.77;100;411;546
5.78;100;419;543
5.79;100;424;542
5.8;100;432;537
5.81;100;438;531
5.82;100;456;525
5.83;100;466;519
5.84;100;480;515
5.85;100;496;509
5.86;100;504;507
5.87;100;516;503
5.88;100;523;502
5.89;100;532;501
5.9;100;535;500
5.91;100;543;499
5.92;100;547;500
5.93;100;542;505
5.94;100;541;505
5.95;100;535;507
5.96;100;532;510
5.97;100;531;510
5.98;100;527;514
5.99;100;523;516
6;100;523;521
6.01;100;511;519
6.02;100;493;521
6.03;100;494;520
6.04;100;487;521
6.05;100;481;520
6.06;100;485;518
6.07;100;487;517
6.08;100;488;517
6.09;100;490;516
6.1;100;494;515
6.11;100;473;512
6.12;100;502;511
6.13;100;632;511
6.14;100;760;511
6.15;100;651;509
6.16;100;474;509
6.17;100;461;508
6.18;100;458;508
6.19;100;468;511
6.2;100;477;509
6.21;100;479;510
6.22;100;481;512
6.23;100;488;512
6.24;100;488;511
6.25;100;489;511
6.26;100;494;512
6.27;100;494;511
6.28;100;501;514
6.29;100;504;514
6.3;100;510;514
6.31;100;509;514
6.32;100;519;513
6.33;100;531;513
6.34;100;540;512
6.35;100;546;513
6.36;100;555;514
6.37;100;551;517
6.38;100;544;523
6.39;100;531;528
6.4;100;500;533
6.41;100;474;538
6.42;100;445;542
6.43;100;436;543
6.44;100;422;546
6.45;100;415;546
6.46;100;417;544
6.47;100;419;544
6.48;100;424;539
6.49;100;438;535
6.5;100;446;529
6.51;100;460;523
6.52;100;473;519
6.53;100;483;512
6.54;100;502;510
6.55;100;513;506
6.56;100;523;505
6.57;100;530;503
6.58;100;540;502
6.59;100;541;500
6.6;100;549;503
6.61;100;545;502
6.62;100;544;506
6.63;100;541;506
6.64;100;541;508
6.65;100;536;508
6.66;100;536;512
6.67;100;529;512
6.68;100;527;516
6.69;100;521;517
6.7;100;513;517
6.71;100;510;518
6.72;100;507;519
6.73;100;501;522
6.74;100;500;522
6.75;100;498;521
6.76;100;496;521
6.77;100;496;517
6.78;100;493;516
6.79;100;503;513
6.8;100;504;513
6.81;100;506;511
6.82;100;508;510
6.83;100;515;511
6.84;100;520;508
6.85;100;519;508
6.86;100;522;507
6.87;100;527;507
6.88;100;524;508
6.89;100;523;511
6.9;100;534;510
6.91;100;533;511
6.92;100;530;510
6.93;100;515;509
6.94;100;511;509
6.95;100;512;510
6.96;100;511;511
6.97;100;507;510
6.98;100;512;512
6.99;100;515;510
7;100;507;512
7.01;100;505;513
7.02;100;493;511
7.03;100;482;512
7.04;100;562;513
7.05;100;716;513
7.06;100;774;515
7.07;100;528;514
7.08;100;449;513
7.09;100;441;514
7.1;100;451;512
7.11;100;459;513
7.12;100;461;512
7.13;100;467;512
7.14;100;473;511
7.15;100;478;512
7.16;100;480;512
7.17;100;483;513
7.18;100;488;511
7.19;100;493;511
7.2;100;497;509
7.21;100;505;510
7.22;100;508;511
7.23;100;513;511
7.24;100;525;511
7.25;100;540;511
7.26;100;541;512
7.27;100;557;516
7.28;100;559;518
7.29;100;557;524
7.3;100;543;527
7.31;100;533;534
7.32;100;507;540
7.33;100;481;546
7.34;100;451;546
7.35;100;433;549
7.36;100;422;552
7.37;100;415;552
7.38;100;417;548
7.39;100;419;543
7.4;100;427;540
7.41;100;432;534
7.42;100;446;526
7.43;100;463;523
7.44;100;474;516
7.45;100;490;513
7.46;100;502;508
7.47;100;515;505
7.48;100;520;504
7.49;100;538;502
7.5;100;539;502
7.51;100;546;501
7.52;100;547;501
7.53;100;548;505
7.54;100;546;506
7.55;100;548;508
7.56;100;539;511
7.57;100;538;512
7.58;100;530;515
7.59;100;530;515
7.6;100;518;515
7.61;100;518;517
7.62;100;509;518
7.63;100;504;520
7.64;100;507;519
7.65;100;503;518
7.66;100;506;518
7.67;100;507;517
7.68;100;504;515
7.69;100;502;514
7.7;100;507;515
7.71;100;507;513
7.72;100;509;511
7.73;100;509;509
7.74;100;515;508
7.75;100;517;508
7.76;100;519;508
7.77;100;519;509
7.78;100;517;510
7.79;100;520;508
7.8;100;519;507
7.81;100;520;508
7.82;100;517;509
7.83;100;528;510
7.84;100;526;510
7.85;100;528;513
7.86;100;516;511
7.87;100;499;512
7.88;100;505;511
7.89;100;501;514
7.9;100;503;512
7.91;100;499;513
7.92;100;502;514
7.93;100;501;512
7.94;100;501;511
7.95;100;499;513
7.96;100;470;513
7.97;100;511;512
7.98;100;648;511
7.99;100;783;511
8;100;640;510
8.01;100;473;511
8.02;100;449;510
8.03;100;449;513
8.04;100;455;513
8.05;100;454;512
8.06;100;464;512
8.07;100;469;512
8.08;100;479;513
8.09;100;480;512
8.1;100;486;512
8.11;100;493;512
8.12;100;500;513
8.13;100;501;511
8.14;100;504;512
8.15;100;511;511
8.16;100;517;511
8.17;100;525;512
8.18;100;536;512
8.19;100;550;514
8.2;100;556;513
8.21;100;564;515
8.22;100;563;517
8.23;100;561;521
8.24;100;545;527
8.25;100;522;531
8.26;100;494;536
8.27;100;467;543
8.28;100;444;547
8.29;100;425;548
8.3;100;415;548
8.31;100;414;548
8.32;100;417;546
8.33;100;420;545
8.34;100;429;537
8.35;100;440;534
8.36;100;447;527
8.37;100;462;519
8.38;100;482;513
8.39;100;494;509
8.4;100;510;505
8.41;100;521;503
8.42;100;528;501
8.43;100;535;499
8.44;100;543;498
8.45;100;542;499
8.46;100;544;500
8.47;100;545;503
8.48;100;543;504
8.49;100;543;509
8.5;100;540;512
8.51;100;537;513
8.52;100;528;514
8.53;100;519;516
8.54;100;520;518
8.55;100;517;519
8.56;100;508;519
8.57;100;510;520
8.58;100;504;520
8.59;100;501;520
8.6;100;501;520
8.61;100;496;518
8.62;100;497;515
8.63;100;498;515
8.64;100;502;513
8.65;100;503;512
8.66;100;508;511
8.67;100;502;512
8.68;100;510;510
8.69;100;514;509
8.7;100;514;508
8.71;100;515;508
8.72;100;518;509
8.73;100;525;507
8.74;100;526;507
8.75;100;523;508
8.76;100;527;510
8.77;100;527;509
8.78;100;522;510
8.79;100;516;511
8.8;100;508;512
8.81;100;504;515
8.82;100;505;515
8.83;100;496;513
8.84;100;502;513
8.85;100;503;512
8.86;100;496;513
8.87;100;502;512
8.88;100;476;511
8.89;100;521;512
8.9;100;662;513
8.91;100;781;513
8.92;100;609;513
8.93;100;455;515
8.94;100;456;513
8.95;100;458;511
8.96;100;465;511
8.97;100;472;514
8.98;100;480;512
8.99;100;484;515
9;100;487;513
9.01;100;490;512
9.02;100;494;511
9.03;100;500;512
9.04;100;500;511
9.05;100;506;510
9.06;100;512;510
9.07;100;513;511
9.08;100;519;512
9.09;100;524;511
9.1;100;530;512
9.11;100;541;511
9.12;100;556;511
9.13;100;560;516
9.14;100;560;517
9.15;100;552;519
9.16;100;541;522
9.17;100;523;526
9.18;100;487;531
9.19;100;459;539
9.2;100;436;542
9.21;100;425;544
9.22;100;415;546
9.23;100;411;547
9.24;100;410;545
9.25;100;415;542
9.26;100;427;537
9.27;100;438;531
9.28;100;449;526
9.29;100;464;521
9.3;100;473;518
9.31;100;485;513
9.32;100;504;509
9.33;100;505;507
9.34;100;517;504
9.35;100;519;501
9.36;100;522;501
9.37;100;527;501
9.38;100;523;500
9.39;100;525;501
9.4;100;525;502
9.41;100;525;504
9.42;100;529;508
9.43;100;527;510
9.44;100;529;512
9.45;100;530;517
9.46;100;526;518
9.47;100;521;519
9.48;100;517;523
9.49;100;513;519
9.5;100;509;519
9.51;100;510;521
9.52;100;513;518
9.53;100;505;515
9.54;100;512;514
9.55;100;513;513
9.56;100;511;512
9.57;100;513;511
9.58;100;513;509
9.59;100;515;509
9.6;100;524;509
9.61;100;523;510
9.62;100;520;508
9.63;100;524;508
9.64;100;526;508
9.65;100;526;508
9.66;100;514;508
9.67;100;508;509
9.68;100;506;508
9.69;100;505;508
9.7;100;506;509
9.71;100;505;510
9.72;100;527;511
9.73;100;535;510
9.74;100;511;512
9.75;100;521;512
9.76;100;615;512
9.77;100;731;514
9.78;100;662;513
9.79;100;456;514
9.8;100;468;513
9.81;100;468;515
9.82;100;474;513
9.83;100;473;514
9.84;100;483;515
9.85;100;490;515
9.86;100;494;515
9.87;100;494;516
9.88;100;494;516
9.89;100;497;515
9.9;100;498;512
9.91;100;504;513
9.92;100;508;514
9.93;100;509;515
9.94;100;525;514
9.95;100;526;514
9.96;100;533;514
9.97;100;537;511
9.98;100;553;511
9.99;100;556;511
10;100;559;512
10.01;100;563;513
10.02;100;550;516
10.03;100;535;521
10.04;100;511;527
10.05;100;479;529
10.06;100;465;536
10.07;100;461;539
10.08;100;453;542
10.09;100;453;545
10.1;100;454;544
10.11;100;457;543
10.12;100;462;540
10.13;100;461;538
10.14;100;468;532
10.15;100;467;527
10.16;100;473;523
10.17;100;471;516
10.18;100;477;511
10.19;100;473;508
10.2;100;477;505
10.21;100;480;503
10.22;100;485;500
10.23;100;483;498
10.24;100;488;497
10.25;100;492;499
10.26;100;489;500
10.27;100;496;504
10.28;100;496;505
10.29;100;496;507
10.3;100;503;510
10.31;100;505;513
10.32;100;508;517
10.33;100;507;520
10.34;100;509;522
10.35;100;510;523
10.36;100;513;522
10.37;100;511;523
10.38;100;508;523
10.39;100;513;523
10.4;100;511;522
10.41;100;511;523
10.42;100;513;519
10.43;100;513;517
10.44;100;519;515
10.45;100;515;513
10.46;100;515;510
10.47;100;501;510
10.48;100;498;508
10.49;100;502;506
10.5;100;504;506
10.51;100;506;506
10.52;100;507;507
10.53;100;504;506
10.54;100;507;505
10.55;100;490;506
10.56;100;485;508
10.57;100;571;511
10.58;100;704;511
10.59;100;729;512
10.6;100;492;513
10.61;100;456;512
10.62;100;460;513
10.63;100;462;512
10.64;100;472;513
10.65;100;476;512
10.66;100;482;513
10.67;100;490;514
10.68;100;493;515
10.69;100;495;514
10.7;100;504;514
10.71;100;504;514
10.72;100;512;515
10.73;100;511;515
10.74;100;514;513
10.75;100;524;515
10.76;100;527;513
10.77;100;530;512
10.78;100;547;511
10.79;100;553;512
10.8;100;562;511
10.81;100;567;512
10.82;100;565;513
10.83;100;558;517
10.84;100;547;522
10.85;100;526;526
10.86;100;499;532
10.87;100;482;540
10.88;100;468;541
10.89;100;460;546
10.9;100;460;547
10.91;100;458;547
10.92;100;462;544
10.93;100;463;541
10.94;100;469;537
10.95;100;478;533
10.96;100;476;528
10.97;100;476;523
10.98;100;485;518
10.99;100;480;514
11;100;487;508
11.01;100;491;506
11.02;100;489;503
11.03;100;490;500
11.04;100;495;499
11.05;100;494;500
11.06;100;496;501
11.07;100;496;503
11.08;100;496;504
11.09;100;504;507
11.1;100;502;507
11.11;100;507;511
11.12;100;509;512
11.13;100;510;515
11.14;100;514;516
11.15;100;512;518
11.16;100;509;519
11.17;100;511;519
11.18;100;515;519
11.19;100;514;519
11.2;100;514;519
11.21;100;511;519
11.22;100;515;518
11.23;100;514;517
11.24;100;515;516
11.25;100;521;517
11.26;100;526;514
11.27;100;517;513
11.28;100;507;513
11.29;100;504;510
11.3;100;505;508
11.31;100;510;508
11.32;100;509;509
11.33;100;507;508
11.34;100;513;508
11.35;100;512;508
11.36;100;496;508
11.37;100;507;510
11.38;100;630;511
11.39;100;754;511
11.4;100;682;510
11.41;100;475;509
11.42;100;457;510
11.43;100;455;512
11.44;100;469;512
11.45;100;472;511
11.46;100;474;511
11.47;100;479;512
11.48;100;489;513
11.49;100;486;513
11.5;100;494;513
11.51;100;495;513
11.52;100;500;513
11.53;100;510;513
11.54;100;511;513
11.55;100;513;514
11.56;100;523;512
11.57;100;525;511
11.58;100;529;510
11.59;100;546;511
11.6;100;554;512
11.61;100;564;512
11.62;100;569;514
11.63;100;565;520
11.64;100;562;521
11.65;100;544;526
11.66;100;522;532
11.67;100;501;538
11.68;100;482;542
11.69;100;472;548
11.7;100;472;550
11.71;100;462;549
11.72;100;464;547
11.73;100;465;544
11.74;100;466;540
11.75;100;467;536
11.76;100;475;531
11.77;100;468;524
11.78;100;475;516
11.79;100;477;513
11.8;100;480;509
11.81;100;482;505
11.82;100;488;502
11.83;100;484;500
11.84;100;487;500
11.85;100;492;503
11.86;100;494;504
11.87;100;497;504
11.88;100;500;505
11.89;100;500;505
11.9;100;504;508
11.91;100;508;512
11.92;100;509;513
11.93;100;509;513
11.94;100;512;516
11.95;100;506;517
11.96;100;512;518
11.97;100;514;519
11.98;100;512;518
11.99;100;509;519
12;100;515;520
12.01;100;511;520
12.02;100;514;519
12.03;100;513;519
12.04;100;511;516
12.05;100;517;514
12.06;100;519;512
12.07;100;520;512
12.08;100;524;512
12.09;100;509;509
12.1;100;507;509
12.11;100;503;509
12.12;100;504;508
12.13;100;509;508
12.14;100;505;507
12.15;100;508;507
12.16;100;506;507
12.17;100;499;508
12.18;100;479;509
12.19;100;557;511
12.2;100;708;513
12.21;100;790;511
12.22;100;554;510
12.23;100;453;511
12.24;100;449;510
12.25;100;450;510
12.26;100;463;511
12.27;100;466;512
12.28;100;475;513
12.29;100;479;512
12.3;100;484;512
12.31;100;485;513
12.32;100;491;514
12.33;100;495;512
12.34;100;501;514
12.35;100;504;513
12.36;100;507;512
12.37;100;509;511
12.38;100;519;511
12.39;100;526;511
12.4;100;531;510
12.41;100;545;510
12.42;100;553;511
12.43;100;558;514
12.44;100;563;518
12.45;100;558;520
12.46;100;548;524
12.47;100;528;529
12.48;100;503;536
12.49;100;484;540
12.5;100;474;545
12.51;100;465;550
12.52;100;465;550
12.53;100;458;547
12.54;100;464;545
12.55;100;467;543
12.56;100;469;538
12.57;100;466;532
12.58;100;468;526
12.59;100;473;521
12.6;100;477;516
12.61;100;474;510
12.62;100;480;507
12.63;100;480;503
12.64;100;483;501
12.65;100;483;501
12.66;100;491;500
12.67;100;488;502
12.68;100;496;501
12.69;100;492;502
12.7;100;497;504
12.71;100;496;506
12.72;100;504;507
12.73;100;500;510
12.74;100;509;513
12.75;100;502;514
12.76;100;504;516
12.77;100;505;518
12.78;100;506;519
12.79;100;505;521
12.8;100;510;521
12.81;100;511;524
12.82;100;510;523
12.83;100;514;521
12.84;100;513;521
12.85;100;513;518
12.86;100;508;516
12.87;100;517;513
12.88;100;524;511
12.89;100;518;510
12.9;100;509;509
12.91;100;501;509
12.92;100;505;509
12.93;100;501;507
12.94;100;512;507
12.95;100;504;507
12.96;100;509;508
12.97;100;509;511
12.98;100;502;512
12.99;100;480;511
13;100;552;510
13.01;100;696;510
13.02;100;792;510
13.03;100;560;512
13.04;100;461;511
13.05;100;452;512
13.06;100;458;512
13.07;100;463;512
13.08;100;476;512
13.09;100;472;512
13.1;100;482;510
13.11;100;486;511
13.12;100;492;511
13.13;100;497;514
13.14;100;502;513
13.15;100;504;516
13.16;100;511;514
13.17;100;509;513
13.18;100;516;513
13.19;100;524;513
13.2;100;532;513
13.21;100;535;511
13.22;100;549;511
13.23;100;558;512
13.24;100;564;514
13.25;100;564;515
13.26;100;562;519
13.27;100;550;524
13.28;100;532;528
13.29;100;508;536
13.3;100;490;540
13.31;100;469;543
13.32;100;463;547
13.33;100;460;546
13.34;100;461;547
13.35;100;462;543
13.36;100;472;542
13.37;100;466;537
13.38;100;472;532
13.39;100;475;526
13.4;100;475;520
13.41;100;475;515
13.42;100;482;512
13.43;100;479;507
13.44;100;487;503
13.45;100;491;504
13.46;100;492;501
13.47;100;487;501
13.48;100;492;502
13.49;100;495;501
13.5;100;491;501
13.51;100;497;504
13.52;100;504;505
13.53;100;504;507
13.54;100;504;510
13.55;100;507;513
13.56;100;509;516
13.57;100;510;519
13.58;100;511;519
13.59;100;512;520
13.6;100;513;519
13.61;100;515;520
13.62;100;515;520
13.63;100;517;520
13.64;100;524;521
13.65;100;523;519
13.66;100;519;517
13.67;100;504;515
13.68;100;509;515
13.69;100;508;513
13.7;100;505;511
13.71;100;507;510
13.72;100;509;510
13.73;100;508;508
13.74;100;506;506
13.75;100;496;505
13.76;100;484;505
13.77;100;576;507
13.78;100;714;508
13.79;100;756;508
13.8;100;497;512
13.81;100;454;511
13.82;100;456;511
13.83;100;463;511
13.84;100;472;512
13.85;100;474;513
13.86;100;486;512
13.87;100;487;512
13.88;100;494;513
13.89;100;499;512
13.9;100;497;513
13.91;100;502;512
13.92;100;508;513
13.93;100;509;516
13.94;100;516;516
13.95;100;521;514
13.96;100;533;514
13.97;100;531;514
13.98;100;550;512
13.99;100;556;511
14;100;566;512
14.01;100;570;512
14.02;100;567;512
14.03;100;558;514
14.04;100;547;518
14.05;100;518;522
14.06;100;497;525
14.07;100;473;530
14.08;100;461;535
14.09;100;459;539
14.1;100;458;539
14.11;100;459;540
14.12;100;464;539
14.13;100;503;539
14.14;100;456;537
14.15;100;438;531
14.16;100;448;527
14.17;100;452;524
14.18;100;461;517
14.19;100;464;512
14.2;100;470;509
14.21;100;474;506
14.22;100;480;503
14.23;100;481;501
14.24;100;490;500
14.25;100;489;503
14.26;100;494;502
14.27;100;494;502
14.28;100;499;505
14.29;100;500;505
14.3;100;503;508
14.31;100;513;509
14.32;100;515;512
14.33;100;516;513
14.34;100;518;516
14.35;100;524;520
14.36;100;532;523
14.37;100;526;524
14.38;100;516;523
14.39;100;517;523
14.4;100;516;524
14.41;100;514;526
14.42;100;519;524
14.43;100;518;521
14.44;100;523;522
14.45;100;518;518
14.46;100;521;515
14.47;100;496;515
14.48;100;515;510
14.49;100;632;506
14.5;100;750;504
14.51;100;635;503
14.52;100;460;504
14.53;100;469;504
14.54;100;469;503
14.55;100;482;505
14.56;100;493;505
14.57;100;495;508
14.58;100;497;510
14.59;100;506;509
14.6;100;512;511
14.61;100;510;512
14.62;100;512;513
14.63;100;515;512
14.64;100;520;512
14.65;100;523;512
14.66;100;534;511
14.67;100;535;511
14.68;100;547;512
14.69;100;551;513
14.7;100;569;513
14.71;100;567;513
14.72;100;576;514
14.73;100;578;518
14.74;100;572;521
14.75;100;556;525
14.76;100;541;531
14.77;100;518;533
14.78;100;489;536
14.79;100;471;539
14.8;100;469;542
14.81;100;458;543
14.82;100;461;543
14.83;100;472;542
14.84;100;470;540
14.85;100;472;537
14.86;100;479;532
14.87;100;478;530
14.88;100;484;523
14.89;100;484;521
14.9;100;488;518
14.91;100;493;511
14.92;100;493;508
14.93;100;491;504
14.94;100;488;502
14.95;100;487;499
14.96;100;493;502
14.97;100;492;499
14.98;100;496;499
14.99;100;498;500
15;100;503;502
15.01;100;498;504
15.02;100;509;507
15.03;100;508;510
15.04;100;510;513
15.05;100;517;517
15.06;100;520;521
15.07;100;523;522
15.08;100;515;524
15.09;100;502;522
15.1;100;505;524
15.11;100;507;521
15.12;100;507;520
15.13;100;505;519
15.14;100;512;516
15.15;100;505;515
15.16;100;507;513
15.17;100;486;512
15.18;100;483;512
15.19;100;569;510
15.2;100;712;510
15.21;100;722;509
15.22;100;487;508
15.23;100;452;510
15.24;100;452;508
15.25;100;457;510
15.26;100;468;511
15.27;100;470;510
15.28;100;477;510
15.29;100;483;511
15.3;100;486;511
15.31;100;487;512
15.32;100;494;511
15.33;100;496;511
15.34;100;505;511
15.35;100;502;512
15.36;100;513;512
15.37;100;513;512
15.38;100;528;512
15.39;100;534;514
15.4;100;549;513
15.41;100;548;514
15.42;100;562;515
15.43;100;557;515
15.44;100;551;517
15.45;100;547;521
15.46;100;531;524
15.47;100;507;528
15.48;100;487;532
15.49;100;462;534
15.5;100;462;537
15.51;100;447;539
15.52;100;454;539
15.53;100;456;539
15.54;100;459;539
15.55;100;455;536
15.56;100;466;532
15.57;100;464;529
15.58;100;474;526
15.59;100;470;520
15.6;100;480;516
15.61;100;478;511
15.62;100;480;507
15.63;100;481;505
15.64;100;484;504
15.65;100;485;501
15.66;100;486;501
15.67;100;486;501
15.68;100;490;500
15.69;100;488;504
15.7;100;495;506
15.71;100;495;509
15.72;100;502;512
15.73;100;501;518
15.74;100;503;520
15.75;100;507;522
15.76;100;512;523
15.77;100;512;525
15.78;100;513;523
15.79;100;507;523
15.8;100;503;523
15.81;100;499;523
15.82;100;502;521
15.83;100;501;519
15.84;100;502;518
15.85;100;499;515
15.86;100;504;514
15.87;100;498;515
15.88;100;505;511
15.89;100;476;511
15.9;100;493;510
15.91;100;606;508
15.92;100;747;508
15.93;100;690;508
15.94;100;471;508
15.95;100;449;508
15.96;100;447;508
15.97;100;455;509
15.98;100;471;510
15.99;100;468;509
16;100;483;511
16.01;100;479;511
16.02;100;489;512
16.03;100;488;515
16.04;100;497;513
16.05;100;499;514
16.06;100;508;514
16.07;100;504;512
16.08;100;511;512
16.09;100;513;512
16.1;100;523;511
16.11;100;530;510
16.12;100;546;509
16.13;100;548;509
16.14;100;565;512
16.15;100;563;512
16.16;100;561;518
16.17;100;543;520
16.18;100;534;527
16.19;100;509;531
16.2;100;489;535
16.21;100;471;540
16.22;100;467;546
16.23;100;467;547
16.24;100;464;548
16.25;100;461;546
16.26;100;468;542
16.27;100;467;540
16.28;100;475;534
16.29;100;475;529
16.3;100;471;523
16.31;100;476;519
16.32;100;482;515
16.33;100;481;511
16.34;100;489;510
16.35;100;487;507
16.36;100;491;504
16.37;100;493;506
16.38;100;495;505
16.39;100;491;504
16.4;100;501;504
16.41;100;500;506
16.42;100;504;508
16.43;100;497;508
16.44;100;511;510
16.45;100;503;513
16.46;100;507;514
16.47;100;509;515
16.48;100;505;515
16.49;100;510;516
16.5;100;514;515
16.51;100;509;515
16.52;100;514;514
16.53;100;509;514
16.54;100;514;513
16.55;100;511;516
16.56;100;522;513
16.57;100;522;514
16.58;100;525;513
16.59;100;503;511
16.6;100;507;511
16.61;100;507;511
16.62;100;508;510
16.63;100;504;509
16.64;100;507;509
16.65;100;505;508
16.66;100;509;510
16.67;100;512;509
16.68;100;493;508
16.69;100;490;509
16.7;100;595;510
16.71;100;743;513
16.72;100;762;513
16.73;100;507;515
16.74;100;460;516
16.75;100;448;515
16.76;100;460;515
16.77;100;462;515
16.78;100;476;515
16.79;100;472;515
16.8;100;483;514
16.81;100;485;513
16.82;100;494;513
16.83;100;488;515
16.84;100;502;513
16.85;100;502;513
16.86;100;510;512
16.87;100;510;510
16.88;100;520;512
16.89;100;522;510
16.9;100;530;509
16.91;100;538;510
16.92;100;554;511
16.93;100;553;512
16.94;100;569;514
16.95;100;560;519
16.96;100;559;525
16.97;100;542;530
16.98;100;525;536
16.99;100;499;542
17;100;484;544
17.01;100;468;548
17.02;100;465;547
17.03;100;459;549
17.04;100;465;545
17.05;100;461;543
17.06;100;471;538
17.07;100;466;532
17.08;100;473;526
17.09;100;471;522
17.1;100;479;517
17.11;100;478;512
17.12;100;483;509
17.13;100;480;505
17.14;100;486;504
17.15;100;487;505
17.16;100;492;503
17.17;100;490;503
17.18;100;498;504
17.19;100;498;504
17.2;100;500;505
17.21;100;496;507
17.22;100;506;509
17.23;100;493;510
17.24;100;489;512
17.25;100;479;513
17.26;100;479;514
17.27;100;477;515
17.28;100;482;515
17.29;100;482;517
17.3;100;492;518
17.31;100;488;520
17.32;100;495;518
17.33;100;493;518
17.34;100;499;517
17.35;100;496;516
17.36;100;502;513
17.37;100;500;512
17.38;100;507;511
17.39;100;502;510
17.4;100;512;509
17.41;100;514;509
17.42;100;521;509
17.43;100;515;508
17.44;100;531;508
17.45;100;530;509
17.46;100;535;510
17.47;100;516;510
17.48;100;520;507
17.49;100;516;509
17.5;100;522;508
17.51;100;516;509
17.52;100;521;507
17.53;100;516;508
17.54;100;521;508
17.55;100;525;509
17.56;100;510;510
17.57;100;495;510
17.58;100;583;511
17.59;100;732;511
17.6;100;799;510
17.61;100;538;512
17.62;100;469;512
17.63;100;455;514
17.64;100;464;513
17.65;100;465;515
17.66;100;476;515
17.67;100;477;513
17.68;100;483;512
17.69;100;478;512
17.7;100;484;512
17.71;100;481;512
17.72;100;490;511
17.73;100;485;512
17.74;100;491;510
17.75;100;491;510
17.76;100;504;511
17.77;100;500;510
17.78;100;512;509
17.79;100;520;512
17.8;100;535;512
17.81;100;543;514
17.82;100;559;516
17.83;100;548;519
17.84;100;549;524
17.85;100;532;528
17.86;100;512;534
17.87;100;485;539
17.88;100;460;544
17.89;100;439;548
17.9;100;430;550
17.91;100;417;552
17.92;100;417;550
17.93;100;421;550
17.94;100;422;545
17.95;100;424;539
17.96;100;444;532
17.97;100;449;526
17.98;100;462;520
17.99;100;470;515
18;100;487;510
18.01;100;496;506
18.02;100;514;505
18.03;100;518;503
18.04;100;532;502
18.05;100;536;501
18.06;100;544;501
18.07;100;545;502
18.08;100;549;504
18.09;100;542;509
18.1;100;543;509
18.11;100;537;512
18.12;100;531;514
18.13;100;521;514
18.14;100;525;517
18.15;100;510;517
18.16;100;514;518
18.17;100;503;516
18.18;100;507;516
18.19;100;503;516
18.2;100;506;514
18.21;100;499;514
18.22;100;501;511
18.23;100;503;511
18.24;100;513;510
18.25;100;510;510
18.26;100;522;511
18.27;100;512;514
18.28;100;523;513
18.29;100;522;513
18.3;100;529;512
18.31;100;528;511
18.32;100;532;512
18.33;100;528;513
18.34;100;519;514
18.35;100;510;512
18.36;100;509;512
18.37;100;504;512
18.38;100;514;510
18.39;100;504;510
18.4;100;516;511
18.41;100;509;514
18.42;100;518;512
18.43;100;499;514
18.44;100;500;513
18.45;100;593;513
18.46;100;738;512
18.47;100;728;512
18.48;100;483;511
18.49;100;460;511
18.5;100;465;512
18.51;100;466;513
18.52;100;481;512
18.53;100;480;513
18.54;100;494;513
18.55;100;489;514
18.56;100;503;513
18.57;100;498;514
18.58;100;509;513
18.59;100;507;512
18.6;100;514;512
18.61;100;511;511
18.62;100;518;511
18.63;100;520;511
18.64;100;536;511
18.65;100;537;510
18.66;100;551;511
18.67;100;561;511
18.68;100;572;511
18.69;100;570;513
18.7;100;572;517
18.71;100;556;521
18.72;100;546;525
18.73;100;512;532
18.74;100;488;536
18.75;100;458;540
18.76;100;445;544
18.77;100;432;546
18.78;100;431;549
18.79;100;425;547
18.8;100;430;544
18.81;100;431;541
18.82;100;444;537
18.83;100;448;533
18.84;100;462;527
18.85;100;471;521
18.86;100;488;514
18.87;100;494;510
18.88;100;511;508
18.89;100;516;504
18.9;100;527;503
18.91;100;529;502
18.92;100;537;500
18.93;100;541;501
18.94;100;547;501
18.95;100;544;503
18.96;100;549;504
18.97;100;540;507
18.98;100;539;510
18.99;100;537;514
19;100;532;518
19.01;100;524;518
19.02;100;524;521
19.03;100;519;523
19.04;100;513;523
19.05;100;505;524
19.06;100;510;522
19.07;100;503;522
19.08;100;505;523
19.09;100;504;520
19.1;100;508;516
19.11;100;504;516
19.12;100;510;514
19.13;100;519;513
19.14;100;522;510
19.15;100;517;509
19.16;100;512;508
19.17;100;507;508
19.18;100;515;508
19.19;100;510;509
19.2;100;518;510
19.21;100;519;511
19.22;100;516;510
19.23;100;511;512
19.24;100;512;511
19.25;100;483;509
19.26;100;531;510
19.27;100;654;511
19.28;100;758;511
19.29;100;568;510
19.3;100;461;511
19.31;100;465;512
19.32;100;466;512
19.33;100;469;513
19.34;100;485;513
19.35;100;484;512
19.36;100;489;513
19.37;100;489;515
19.38;100;494;514
19.39;100;493;515
19.4;100;498;514
19.41;100;497;515
19.42;100;508;513
19.43;100;510;513
19.44;100;513;512
19.45;100;512;512
19.46;100;528;511
19.47;100;531;511
19.48;100;547;510
19.49;100;552;511
19.5;100;562;510
19.51;100;562;512
19.52;100;564;515
19.53;100;550;520
19.54;100;529;526
19.55;100;494;532
19.56;100;475;536
19.57;100;447;540
19.58;100;434;544
19.59;100;420;547
19.6;100;421;548
19.61;100;412;547
19.62;100;421;546
19.63;100;423;542
19.64;100;432;536
19.65;100;440;531
19.66;100;456;526
19.67;100;454;521
19.68;100;481;517
19.69;100;486;515
19.7;100;498;510
19.71;100;504;505
19.72;100;517;503
19.73;100;516;500
19.74;100;535;499
19.75;100;527;501
19.76;100;539;502
19.77;100;526;502
19.78;100;537;505
19.79;100;532;507
19.8;100;532;510
19.81;100;526;512
19.82;100;526;514
19.83;100;521;517
19.84;100;512;517
19.85;100;508;519
19.86;100;512;521
19.87;100;500;523
19.88;100;501;522
19.89;100;498;520
19.9;100;504;520
19.91;100;499;520
19.92;100;511;519
19.93;100;505;518
19.94;100;508;518
19.95;100;496;514
19.96;100;506;512
19.97;100;497;511
19.98;100;512;510
19.99;100;501;510
20;100;519;510
20.01;100;514;512
20.02;100;518;512
20.03;100;508;510
20.04;100;489;512
20.05;100;534;510
20.06;100;670;510
20.07;100;759;509
20.08;100;594;508
20.09;100;465;510
20.1;100;466;510
20.11;100;461;512
20.12;100;475;514
20.13;100;473;512
20.14;100;482;512
20.15;100;480;512
20.16;100;492;513
20.17;100;487;516
20.18;100;499;515
20.19;100;495;515
20.2;100;498;515
20.21;100;496;514
20.22;100;503;512
20.23;100;508;513
20.24;100;519;513
20.25;100;521;511
20.26;100;539;511
20.27;100;542;512
20.28;100;561;513
20.29;100;560;513
20.3;100;566;515
20.31;100;560;518
20.32;100;548;523
20.33;100;521;531
20.34;100;500;534
20.35;100;467;540
20.36;100;446;543
20.37;100;431;547
20.38;100;427;548
20.39;100;420;548
20.4;100;421;546
20.41;100;420;544
20.42;100;436;540
20.43;100;438;536
20.44;100;455;531
20.45;100;455;525
20.46;100;474;519
20.47;100;484;515
20.48;100;500;510
20.49;100;501;508
20.5;100;521;504
20.51;100;522;503
20.52;100;536;502
20.53;100;526;500
20.54;100;542;499
20.55;100;538;502
20.56;100;542;503
20.57;100;537;506
20.58;100;543;509
20.59;100;531;515
20.6;100;535;514
20.61;100;522;517
20.62;100;523;518
20.63;100;513;519
20.64;100;511;520
20.65;100;509;523
20.66;100;509;523
20.67;100;500;523
20.68;100;505;523
20.69;100;502;521
20.7;100;504;519
20.71;100;502;519
20.72;100;513;516
20.73;100;512;515
20.74;100;523;512
20.75;100;511;512
20.76;100;510;512
20.77;100;508;510
20.78;100;515;508
20.79;100;516;507
20.8;100;520;508
20.81;100;519;509
20.82;100;522;509
20.83;100;517;510
20.84;100;497;510
20.85;100;511;510
20.86;100;642;508
20.87;100;768;510
20.88;100;705;511
20.89;100;483;511
20.9;100;464;512
20.91;100;455;516
20.92;100;473;512
20.93;100;472;512
20.94;100;483;513
20.95;100;485;513
20.96;100;496;514
20.97;100;498;515
20.98;100;499;514
20.99;100;503;515
21;100;512;513
21.01;100;509;513
21.02;100;523;512
21.03;100;520;512
21.04;100;531;513
21.05;100;534;511
21.06;100;550;512
21.07;100;553;512
21.08;100;569;513
21.09;100;575;513
21.1;100;580;515
21.11;100;577;522
21.12;100;571;523
21.13;100;550;529
21.14;100;532;535
21.15;100;501;539
21.16;100;483;543
21.17;100;463;546
21.18;100;463;548
21.19;100;454;550
21.2;100;458;551
21.21;100;454;547
21.22;100;463;542
21.23;100;465;539
21.24;100;471;533
21.25;100;479;527
21.26;100;480;521
21.27;100;479;517
21.28;100;485;512
21.29;100;485;510
21.3;100;491;507
21.31;100;486;504
21.32;100;496;502
21.33;100;495;502
21.34;100;502;502
21.35;100;500;503
21.36;100;507;504
21.37;100;502;506
21.38;100;505;507
21.39;100;505;509
21.4;100;504;511
21.41;100;501;513
21.42;100;508;514
21.43;100;495;515
21.44;100;507;519
21.45;100;505;522
21.46;100;505;523
21.47;100;507;523
21.48;100;508;521
21.49;100;504;521
21.5;100;511;519
21.51;100;503;518
21.52;100;512;517
21.53;100;511;516
21.54;100;514;512
21.55;100;511;511
21.56;100;510;510
21.57;100;487;509
21.58;100;496;508
21.59;100;494;509
21.6;100;501;509
21.61;100;495;509
21.62;100;503;510
21.63;100;500;510
21.64;100;502;510
21.65;100;483;509
21.66;100;481;509
21.67;100;568;511
21.68;100;725;509
21.69;100;764;511
21.7;100;507;510
21.71;100;441;510
21.72;100;442;511
21.73;100;449;511
21.74;100;459;511
21.75;100;458;513
21.76;100;472;514
21.77;100;472;516
21.78;100;481;515
21.79;100;483;517
21.8;100;495;516
21.81;100;492;514
21.82;100;499;513
21.83;100;497;513
21.84;100;500;514
21.85;100;494;512
21.86;100;510;511
21.87;100;517;511
21.88;100;530;512
21.89;100;537;510
21.9;100;552;513
21.91;100;552;514
21.92;100;560;518
21.93;100;551;522
21.94;100;547;527
21.95;100;524;532
21.96;100;508;538
21.97;100;479;542
21.98;100;474;544
21.99;100;457;547
22;100;462;547
22.01;100;460;547
22.02;100;466;545
22.03;100;466;543
22.04;100;476;540
22.05;100;468;533
22.06;100;481;527
22.07;100;473;520
22.08;100;481;518
22.09;100;474;512
22.1;100;487;508
22.11;100;486;508
22.12;100;490;505
22.13;100;487;502
22.14;100;495;501
22.15;100;495;502
22.16;100;500;503
22.17;100;496;504
22.18;100;501;505
22.19;100;501;508
22.2;100;502;510
22.21;100;500;511
22.22;100;509;513
22.23;100;504;515
22.24;100;513;518
22.25;100;508;522
22.26;100;517;523
22.27;100;509;522
22.28;100;517;521
22.29;100;509;521
22.3;100;516;519
22.31;100;506;520
22.32;100;516;519
22.33;100;510;515
22.34;100;512;514
22.35;100;511;513
22.36;100;517;510
22.37;100;512;510
22.38;100;521;508
22.39;100;500;507
22.4;100;504;506
22.41;100;504;508
22.42;100;505;508
22.43;100;506;508
22.44;100;503;510
22.45;100;505;510
22.46;100;510;510
22.47;100;503;513
22.48;100;480;510
22.49;100;505;513
22.5;100;646;512
22.51;100;768;513
22.52;100;670;515
22.53;100;461;512
22.54;100;451;513
22.55;100;452;513
22.56;100;462;512
22.57;100;460;514
22.58;100;470;513
22.59;100;475;513
22.6;100;482;513
22.61;100;481;513
22.62;100;493;513
22.63;100;492;514
22.64;100;500;514
22.65;100;499;512
22.66;100;509;512
22.67;100;509;512
22.68;100;520;512
22.69;100;523;512
22.7;100;533;510
22.71;100;542;510
22.72;100;553;511
22.73;100;552;515
22.74;100;564;516
22.75;100;554;521
22.76;100;551;525
22.77;100;531;528
22.78;100;510;532
22.79;100;481;539
22.8;100;468;542
22.81;100;454;544
22.82;100;456;546
22.83;100;449;547
22.84;100;462;546
22.85;100;454;543
22.86;100;466;540
22.87;100;464;537
22.88;100;473;530
22.89;100;467;526
22.9;100;472;521
22.91;100;473;515
22.92;100;474;511
22.93;100;472;508
22.94;100;475;504
22.95;100;473;503
22.96;100;476;502
22.97;100;475;503
22.98;100;483;500
22.99;100;482;502
23;100;485;503
23.01;100;477;505
23.02;100;485;508
23.03;100;476;511
23.04;100;488;513
23.05;100;489;518
23.06;100;495;518
23.07;100;499;519
23.08;100;504;520
23.09;100;500;522
23.1;100;510;520
23.11;100;504;521
23.12;100;513;522
23.13;100;513;519
23.14;100;523;519
23.15;100;524;517
23.16;100;527;515
23.17;100;508;513
23.18;100;509;512
23.19;100;505;511
23.2;100;511;510
23.21;100;508;509
23.22;100;510;509
23.23;100;510;509
23.24;100;518;509
23.25;100;506;507
23.26;100;493;508
23.27;100;514;510
23.28;100;637;511
23.29;100;744;511
23.3;100;623;511
23.31;100;452;513
23.32;100;476;513
23.33;100;467;512
23.34;100;483;511
23.35;100;484;512
23.36;100;500;514
23.37;100;496;515
23.38;100;504;514
23.39;100;505;515
23.4;100;514;515
23.41;100;511;516
23.42;100;522;515
23.43;100;515;514
23.44;100;522;515
23.45;100;529;515
23.46;100;537;515
23.47;100;536;513
23.48;100;551;513
23.49;100;557;511
23.5;100;568;511
23.51;100;574;514
23.52;100;581;515
23.53;100;572;521
23.54;100;563;524
23.55;100;540;526
23.56;100;521;530
23.57;100;492;534
23.58;100;475;536
23.59;100;463;542
23.6;100;465;543
23.61;100;457;543
23.62;100;471;542
23.63;100;471;541
23.64;100;477;537
23.65;100;476;535
23.66;100;482;529
23.67;100;479;525
23.68;100;485;521
23.69;100;483;519
23.7;100;490;513
23.71;100;487;510
23.72;100;490;508
23.73;100;486;503
23.74;100;494;502
23.75;100;491;501
23.76;100;494;502
23.77;100;493;500
23.78;100;500;502
23.79;100;495;505
23.8;100;505;507
23.81;100;500;509
23.82;100;508;511
23.83;100;505;514
23.84;100;512;516
23.85;100;511;519
23.86;100;518;521
23.87;100;515;523
23.88;100;523;523
23.89;100;520;524
23.9;100;524;522
23.91;100;508;523
23.92;100;509;521
23.93;100;505;520
23.94;100;508;517
23.95;100;502;516
23.96;100;509;513
23.97;100;506;511
23.98;100;509;510
23.99;100;502;508
24;100;487;509
24.01;100;499;508
24.02;100;617;508
24.03;100;724;508
24.04;100;643;508
24.05;100;453;510
24.06;100;467;510
24.07;100;463;511
24.08;100;478;513
24.09;100;480;512
24.1;100;488;512
24.11;100;486;513
24.12;100;498;515
24.13;100;493;514
24.14;100;504;514
24.15;100;499;514
24.16;100;514;515
24.17;100;509;515
24.18;100;520;514
24.19;100;513;515
24.2;100;526;515
24.21;100;527;513
24.22;100;543;513
24.23;100;547;513
24.24;100;563;512
24.25;100;561;514
24.26;100;568;516
24.27;100;563;517
24.28;100;558;520
24.29;100;527;525
24.3;100;512;528
24.31;100;491;535
24.32;100;476;539
24.33;100;461;542
24.34;100;462;544
24.35;100;463;545
24.36;100;473;545
24.37;100;473;543
24.38;100;481;541
24.39;100;478;537
24.4;100;491;534
24.41;100;478;530
24.42;100;489;524
24.43;100;487;519
24.44;100;490;515
24.45;100;488;510
24.46;100;492;508
24.47;100;492;504
24.48;100;493;502
24.49;100;492;504
24.5;100;498;502
24.51;100;496;502
24.52;100;499;505
24.53;100;499;508
24.54;100;508;509
24.55;100;504;510
24.56;100;511;512
24.57;100;502;515
24.58;100;514;515
24.59;100;514;518
24.6;100;513;519
24.61;100;517;520
24.62;100;525;520
24.63;100;515;521
24.64;100;520;519
24.65;100;507;522
24.66;100;508;521
24.67;100;507;520
24.68;100;509;519
24.69;100;503;518
24.7;100;509;515
24.71;100;502;512
24.72;100;509;511
24.73;100;482;511
24.74;100;488;511
24.75;100;580;509
24.76;100;721;509
24.77;100;718;507
24.78;100;488;507
24.79;100;453;508
24.8;100;457;507
24.81;100;455;511
24.82;100;468;511
24.83;100;472;511
24.84;100;484;514
24.85;100;481;515
24.86;100;491;513
24.87;100;490;513
24.88;100;501;513
24.89;100;499;514
24.9;100;506;513
24.91;100;508;513
24.92;100;514;514
24.93;100;519;514
24.94;100;527;513
24.95;100;533;513
24.96;100;546;513
24.97;100;550;515
24.98;100;567;516
24.99;100;561;516
25;100;567;520
25.01;100;552;523
25.02;100;541;528
25.03;100;508;531
25.04;100;490;537
25.05;100;469;543
25.06;100;463;543
25.07;100;453;544
25.08;100;463;544
25.09;100;458;543
25.1;100;463;539
25.11;100;463;537
25.12;100;467;531
25.13;100;470;528
25.14;100;480;524
25.15;100;477;518
25.16;100;486;516
25.17;100;482;513
25.18;100;486;509
25.19;100;491;507
25.2;100;486;507
25.21;100;489;506
25.22;100;494;507
25.23;100;493;507
25.24;100;499;508
25.25;100;498;508
25.26;100;500;508
25.27;100;499;510
25.28;100;502;512
25.29;100;501;516
25.3;100;509;518
25.31;100;504;518
25.32;100;513;520
25.33;100;510;521
25.34;100;512;520
25.35;100;511;520
25.36;100;517;520
25.37;100;514;519
25.38;100;522;519
25.39;100;519;517
25.4;100;521;515
25.41;100;500;513
25.42;100;505;512
25.43;100;503;511
25.44;100;509;512
25.45;100;504;513
25.46;100;507;512
25.47;100;506;510
25.48;100;505;509
25.49;100;502;508
25.5;100;480;506
25.51;100;511;505
25.52;100;651;505
25.53;100;773;506
25.54;100;650;505
25.55;100;465;507
25.56;100;455;508
25.57;100;446;510
25.58;100;468;510
25.59;100;465;512
25.6;100;477;512
25.61;100;476;515
25.62;100;516;516
25.63;100;553;515
25.64;100;560;516
25.65;100;544;515
25.66;100;550;515
25.67;100;542;513
25.68;100;542;513
25.69;100;537;512
25.7;100;540;512
25.71;100;545;511
25.72;100;550;510
25.73;100;550;512
25.74;100;563;513
25.75;100;563;515
25.76;100;568;519
25.77;100;559;525
25.78;100;552;529
25.79;100;528;536
25.8;100;506;539
25.81;100;480;543
25.82;100;468;545
25.83;100;451;548
25.84;100;455;549
25.85;100;452;549
25.86;100;457;547
25.87;100;450;543
25.88;100;457;538
25.89;100;457;532
25.9;100;461;527
25.91;100;465;522
25.92;100;467;517
25.93;100;465;513
25.94;100;473;512
25.95;100;472;510
25.96;100;484;507
25.97;100;480;506
25.98;100;483;505
25.99;100;488;505
26;100;494;503
26.01;100;487;505
26.02;100;494;505
26.03;100;492;507
26.04;100;498;509
26.05;100;498;512
26.06;100;503;515
26.07;100;499;514
26.08;100;504;517
26.09;100;500;515
26.1;100;506;517
26.11;100;501;517
26.12;100;505;516
26.13;100;499;516
26.14;100;509;517
26.15;100;502;515
26.16;100;508;514
26.17;100;504;514
26.18;100;510;513
26.19;100;504;511
26.2;100;510;511
26.21;100;509;511
26.22;100;512;511
26.23;100;515;510
26.24;100;522;509
26.25;100;518;509
26.26;100;507;509
26.27;100;497;510
26.28;100;505;510
26.29;100;503;511
26.3;100;508;514
26.31;100;504;513
26.32;100;505;514
26.33;100;503;516
26.34;100;512;515
26.35;100;487;515
26.36;100;491;514
26.37;100;580;515
26.38;100;740;514
26.39;100;759;513
26.4;100;510;512
26.41;100;444;513
26.42;100;446;513
26.43;100;450;512
26.44;100;463;512
26.45;100;463;513
26.46;100;472;511
26.47;100;476;513
26.48;100;483;511
26.49;100;485;512
26.5;100;494;509
26.51;100;492;511
26.52;100;505;511
26.53;100;501;514
26.54;100;512;512
26.55;100;514;510
26.56;100;520;508
26.57;100;527;510
26.58;100;542;510
26.59;100;550;511
26.6;100;563;511
26.61;100;560;514
26.62;100;566;518
26.63;100;555;524
26.64;100;547;527
26.65;100;521;533
26.66;100;503;537
26.67;100;476;542
26.68;100;471;546
26.69;100;458;547
26.7;100;459;546
26.71;100;458;545
26.72;100;466;545
26.73;100;466;541
26.74;100;470;537
26.75;100;468;535
26.76;100;477;528
26.77;100;476;525
26.78;100;477;521
26.79;100;480;517
26.8;100;484;513
26.81;100;482;511
26.82;100;489;511
26.83;100;486;508
26.84;100;491;507
26.85;100;491;508
26.86;100;499;505
26.87;100;492;505
26.88;100;498;506
26.89;100;494;509
26.9;100;501;510
26.91;100;497;512
26.92;100;510;511
26.93;100;505;514
26.94;100;510;516
26.95;100;508;517
26.96;100;511;517
26.97;100;508;519
26.98;100;514;518
26.99;100;507;517
27;100;513;514
27.01;100;507;513
27.02;100;515;511
27.03;100;507;511
27.04;100;510;511
27.05;100;507;510
27.06;100;511;512
27.07;100;512;513
27.08;100;515;510
27.09;100;514;511
27.1;100;524;508
27.11;100;516;508
27.12;100;511;509
27.13;100;499;510
27.14;100;504;511
27.15;100;501;511
27.16;100;507;511
27.17;100;501;510
27.18;100;507;509
27.19;100;504;510
27.2;100;510;511
27.21;100;497;510
27.22;100;476;513
27.23;100;528;511
27.24;100;679;512
27.25;100;793;514
27.26;100;596;516
27.27;100;463;514
27.28;100;452;513
27.29;100;453;515
27.3;100;464;516
27.31;100;467;515
27.32;100;476;516
27.33;100;477;516
27.34;100;485;518
27.35;100;487;517
27.36;100;498;517
27.37;100;494;516
27.38;100;500;515
27.39;100;504;515
27.4;100;510;512
27.41;100;509;513
27.42;100;521;511
27.43;100;525;510
27.44;100;538;510
27.45;100;543;511
27.46;100;555;512
27.47;100;561;513
27.48;100;564;515
27.49;100;558;519
27.5;100;554;523
27.51;100;528;526
27.52;100;508;532
27.53;100;485;537
27.54;100;474;542
27.55;100;461;545
27.56;100;462;545
27.57;100;461;545
27.58;100;463;544
27.59;100;461;543
27.6;100;468;537
27.61;100;470;534
27.62;100;471;528
27.63;100;472;523
27.64;100;480;519
27.65;100;478;515
27.66;100;487;511
27.67;100;486;509
27.68;100;486;505
27.69;100;487;503
27.7;100;491;502
27.71;100;492;503
27.72;100;495;502
27.73;100;496;504
27.74;100;503;507
27.75;100;501;506
27.76;100;504;509
27.77;100;504;511
27.78;100;512;513
27.79;100;505;515
27.8;100;508;516
27.81;100;513;518
27.82;100;513;516
27.83;100;510;517
27.84;100;515;518
27.85;100;514;518
27.86;100;515;519
27.87;100;509;519
27.88;100;514;517
27.89;100;508;516
27.9;100;518;516
27.91;100;514;513
27.92;100;517;512
27.93;100;519;511
27.94;100;525;511
27.95;100;520;508
27.96;100;512;508
27.97;100;504;507
27.98;100;508;508
27.99;100;505;507
28;100;513;509
28.01;100;507;508
28.02;100;513;510
28.03;100;511;511
28.04;100;514;511
28.05;100;494;512
28.06;100;503;514
28.07;100;593;512
28.08;100;733;512
28.09;100;714;512
28.1;100;469;510
28.11;100;461;511
28.12;100;461;509
28.13;100;467;510
28.14;100;477;509
28.15;100;479;509
28.16;100;492;509
28.17;100;489;511
28.18;100;504;512
28.19;100;499;511
28.2;100;508;511
28.21;100;513;514
28.22;100;516;512
28.23;100;519;514
28.24;100;527;512
28.25;100;528;514
28.26;100;539;511
28.27;100;543;512
28.28;100;555;513
28.29;100;560;514
28.3;100;574;514
28.31;100;575;514
28.32;100;575;516
28.33;100;560;519
28.34;100;549;524
28.35;100;514;527
28.36;100;493;531
28.37;100;475;536
28.38;100;466;541
28.39;100;455;543
28.4;100;460;543
28.41;100;458;544
28.42;100;465;543
28.43;100;470;541
28.44;100;475;537
28.45;100;473;532
28.46;100;483;527
28.47;100;479;521
28.48;100;487;516
28.49;100;491;513
28.5;100;490;511
28.51;100;488;508
28.52;100;492;505
28.53;100;489;504
28.54;100;498;505
28.55;100;492;502
28.56;100;494;502
28.57;100;493;504
28.58;100;506;506
28.59;100;502;508
28.6;100;508;511
28.61;100;508;514
28.62;100;511;515
28.63;100;508;516
28.64;100;516;518
28.65;100;511;518
28.66;100;513;520
28.67;100;514;521
28.68;100;518;520
28.69;100;515;522
28.7;100;519;521
28.71;100;525;519
28.72;100;521;517
28.73;100;515;516
28.74;100;510;515
28.75;100;505;512
28.76;100;507;511
28.77;100;507;510
28.78;100;503;508
28.79;100;505;508
28.8;100;509;507
28.81;100;502;508
28.82;100;505;508
28.83;100;479;509
28.84;100;522;509
28.85;100;639;510
28.86;100;743;513
28.87;100;581;511
28.88;100;453;511
28.89;100;460;512
28.9;100;462;513
28.91;100;474;513
28.92;100;482;513
28.93;100;483;513
28.94;100;497;513
28.95;100;488;514
28.96;100;497;514
28.97;100;497;515
28.98;100;510;517
28.99;100;503;520
29;100;511;517
29.01;100;517;519
29.02;100;520;517
29.03;100;526;514
29.04;100;528;514
29.05;100;536;515
29.06;100;549;515
29.07;100;557;513
29.08;100;566;513
29.09;100;562;513
29.1;100;559;514
29.11;100;542;518
29.12;100;528;521
29.13;100;497;525
29.14;100;478;532
29.15;100;463;536
29.16;100;456;539
29.17;100;453;543
29.18;100;456;545
29.19;100;457;543
29.2;100;466;543
29.21;100;463;541
29.22;100;468;537
29.23;100;472;533
29.24;100;475;529
29.25;100;474;524
29.26;100;481;519
29.27;100;479;515
29.28;100;483;512
29.29;100;483;510
29.3;100;486;508
29.31;100;483;504
29.32;100;488;501
29.33;100;488;500
29.34;100;494;500
29.35;100;494;502
29.36;100;497;503
29.37;100;497;504
29.38;100;501;504
29.39;100;504;508
29.4;100;511;511
29.41;100;505;512
29.42;100;509;514
29.43;100;509;518
29.44;100;516;522
29.45;100;514;521
29.46;100;518;523
29.47;100;522;524
29.48;100;526;521
29.49;100;508;523
29.5;100;505;519
29.51;100;504;518
29.52;100;507;514
29.53;100;508;515
29.54;100;505;512
29.55;100;504;510
29.56;100;509;510
29.57;100;504;511
29.58;100;488;510
29.59;100;498;509
29.6;100;611;509
29.61;100;726;508
29.62;100;668;510
29.63;100;468;511
29.64;100;461;510
29.65;100;457;511
29.66;100;465;513
29.67;100;470;510
29.68;100;478;510
29.69;100;482;511
29.7;100;492;512
29.71;100;492;510
29.72;100;497;511
29.73;100;497;511
29.74;100;502;511
29.75;100;504;511
29.76;100;513;512
29.77;100;515;514
29.78;100;526;516
29.79;100;526;519
29.8;100;535;516
29.81;100;543;519
29.82;100;556;517
29.83;100;557;518
29.84;100;562;519
29.85;100;561;522
29.86;100;551;525
29.87;100;531;527
29.88;100;508;531
29.89;100;486;535
29.9;100;472;540
29.91;100;459;542
29.92;100;460;543
29.93;100;455;545
29.94;100;463;547
29.95;100;462;543
29.96;100;465;540
29.97;100;470;537
29.98;100;476;533
29.99;100;479;527
30;100;483;522
30.01;100;480;518
30.02;100;484;513
30.03;100;486;509
30.04;100;485;506
30.05;100;487;504
30.06;100;494;503
30.07;100;492;502
30.08;100;490;504
30.09;100;491;503
30.1;100;502;508
30.11;100;497;505
30.12;100;504;507
30.13;100;503;512
30.14;100;505;512
30.15;100;509;517
30.16;100;508;515
30.17;100;508;519
30.18;100;513;518
30.19;100;514;519
30.2;100;514;520
30.21;100;519;521
30.22;100;523;522
30.23;100;522;519
30.24;100;511;519
30.25;100;506;518
30.26;100;511;519
30.27;100;503;515
30.28;100;509;511
30.29;100;502;511
30.3;100;508;508
30.31;100;504;505
30.32;100;508;505
30.33;100;492;504
30.34;100;491;504
30.35;100;579;505
30.36;100;719;505
30.37;100;736;504
30.38;100;497;505
30.39;100;460;505
30.4;100;460;508
30.41;100;467;510
30.42;100;473;512
30.43;100;480;514
30.44;100;487;515
30.45;100;492;518
30.46;100;493;518
30.47;100;494;516
30.48;100;504;516
30.49;100;505;517
30.5;100;506;516
30.51;100;511;515
30.52;100;508;513
30.53;100;520;513
30.54;100;531;512
30.55;100;533;512
30.56;100;543;512
30.57;100;554;513
30.58;100;561;514
30.59;100;564;518
30.6;100;568;518
30.61;100;559;523
30.62;100;544;524
30.63;100;516;528
30.64;100;498;533
30.65;100;475;538
30.66;100;467;543
30.67;100;464;546
30.68;100;460;546
30.69;100;464;547
30.7;100;465;545
30.71;100;467;542
30.72;100;474;539
30.73;100;472;534
30.74;100;478;529
30.75;100;481;526
30.76;100;484;519
30.77;100;483;516
30.78;100;489;514
30.79;100;484;508
30.8;100;487;506
30.81;100;493;504
30.82;100;494;502
30.83;100;493;500
30.84;100;497;500
30.85;100;497;502
30.86;100;501;504
30.87;100;503;505
30.88;100;504;508
30.89;100;506;510
30.9;100;509;513
30.91;100;509;517
30.92;100;511;515
30.93;100;515;520
30.94;100;518;521
30.95;100;514;520
30.96;100;518;523
30.97;100;517;524
30.98;100;520;524
30.99;100;523;522
31;100;526;522
31.01;100;521;520
31.02;100;510;517
31.03;100;504;514
31.04;100;508;514
31.05;100;511;513
31.06;100;510;514
31.07;100;505;510
31.08;100;508;510
31.09;100;510;510
31.1;100;511;512
31.11;100;490;509
31.12;100;497;508
31.13;100;608;509
31.14;100;743;510
31.15;100;703;508
31.16;100;481;510
31.17;100;460;511
31.18;100;460;512
31.19;100;466;511
31.2;100;471;512
31.21;100;473;513
31.22;100;482;516
31.23;100;488;515
31.24;100;489;515
31.25;100;491;515
31.26;100;500;516
31.27;100;500;514
31.28;100;510;514
31.29;100;510;514
31.3;100;515;514
31.31;100;520;512
31.32;100;529;513
31.33;100;534;511
31.34;100;545;512
31.35;100;555;513
31.36;100;563;513
31.37;100;566;516
31.38;100;567;521
31.39;100;558;524
31.4;100;541;528
31.41;100;519;533
31.42;100;491;540
31.43;100;476;542
31.44;100;467;545
31.45;100;459;550
31.46;100;455;547
31.47;100;462;543
31.48;100;462;540
31.49;100;462;536
31.5;100;470;530
31.51;100;467;525
31.52;100;476;521
31.53;100;473;517
31.54;100;482;512
31.55;100;485;510
31.56;100;483;506
31.57;100;489;505
31.58;100;491;506
31.59;100;492;502
31.6;100;491;501
31.61;100;491;502
31.62;100;497;503
31.63;100;502;504
31.64;100;502;506
31.65;100;501;508
31.66;100;506;508
31.67;100;508;511
31.68;100;510;513
31.69;100;505;516
31.7;100;515;519
31.71;100;510;523
31.72;100;511;521
31.73;100;514;524
31.74;100;514;523
31.75;100;509;522
31.76;100;515;523
31.77;100;510;523
31.78;100;515;522
31.79;100;508;519
31.8;100;509;518
31.81;100;511;516
31.82;100;516;515
31.83;100;515;512
31.84;100;519;512
31.85;100;508;510
31.86;100;503;510
31.87;100;499;510
31.88;100;499;505
31.89;100;502;507
31.9;100;498;504
31.91;100;503;507
31.92;100;503;504
31.93;100;507;506
31.94;100;496;505
31.95;100;483;507
31.96;100;566;508
31.97;100;717;508
31.98;100;784;510
31.99;100;535;512
32;100;459;514
32.01;100;453;514
32.02;100;460;516
32.03;100;469;519
32.04;100;473;516
32.05;100;477;518
32.06;100;477;516
32.07;100;486;518
32.08;100;485;514
32.09;100;493;514
32.1;100;498;514
32.11;100;500;515
32.12;100;506;513
32.13;100;507;514
32.14;100;519;514
32.15;100;526;515
32.16;100;531;515
32.17;100;539;516
32.18;100;550;517
32.19;100;556;520
32.2;100;564;518
32.21;100;565;523
32.22;100;561;526
32.23;100;549;530
32.24;100;527;532
32.25;100;500;539
32.26;100;477;540
32.27;100;466;545
32.28;100;460;547
32.29;100;456;551
32.3;100;459;548
32.31;100;460;544
32.32;100;464;543
32.33;100;465;538
32.34;100;471;536
32.35;100;474;529
32.36;100;476;524
32.37;100;480;522
32.38;100;479;515
32.39;100;480;511
32.4;100;482;507
32.41;100;484;505
32.42;100;485;503
32.43;100;486;503
32.44;100;492;503
32.45;100;495;503
32.46;100;492;504
32.47;100;495;506
32.48;100;502;509
32.49;100;503;512
32.5;100;506;515
32.51;100;505;519
32.52;100;506;516
32.53;100;504;520
32.54;100;514;521
32.55;100;512;520
32.56;100;511;520
32.57;100;513;521
32.58;100;512;521
32.59;100;509;519
32.6;100;510;519
32.61;100;508;518
32.62;100;512;517
32.63;100;513;516
32.64;100;512;515
32.65;100;517;512
32.66;100;521;511
32.67;100;518;511
32.68;100;506;510
32.69;100;502;511
32.7;100;504;513
32.71;100;505;511
32.72;100;511;510
32.73;100;508;511
32.74;100;511;511
32.75;100;507;510
32.76;100;506;510
32.77;100;486;512
32.78;100;497;512
32.79;100;612;511
32.8;100;758;511
32.81;100;718;512
32.82;100;482;514
32.83;100;455;515
32.84;100;451;514
32.85;100;460;515
32.86;100;467;518
32.87;100;471;514
32.88;100;477;513
32.89;100;484;514
32.9;100;488;513
32.91;100;491;512
32.92;100;493;513
32.93;100;500;512
32.94;100;505;511
32.95;100;509;513
32.96;100;515;512
32.97;100;520;513
32.98;100;525;513
32.99;100;535;515
33;100;547;513
33.01;100;555;516
33.02;100;561;515
33.03;100;563;520
33.04;100;564;520
33.05;100;555;524
33.06;100;539;527
33.07;100;516;532
33.08;100;492;538
33.09;100;478;543
33.1;100;464;545
33.11;100;462;547
33.12;100;460;548
33.13;100;460;547
33.14;100;467;548
33.15;100;469;544
33.16;100;472;538
33.17;100;472;535
33.18;100;477;529
33.19;100;478;523
33.2;100;476;518
33.21;100;480;514
33.22;100;485;510
33.23;100;486;506
33.24;100;486;503
33.25;100;491;502
33.26;100;492;502
33.27;100;494;502
33.28;100;495;503
33.29;100;497;504
33.3;100;499;505
33.31;100;504;509
33.32;100;510;511
33.33;100;509;515
33.34;100;510;518
33.35;100;513;518
33.36;100;513;519
33.37;100;511;520
33.38;100;512;521
33.39;100;515;520
33.4;100;513;520
33.41;100;513;520
33.42;100;511;519
33.43;100;513;518
33.44;100;515;517
33.45;100;518;516
33.46;100;524;516
33.47;100;522;515
33.48;100;511;510
33.49;100;507;510
33.5;100;507;508
33.51;100;502;506
33.52;100;507;505
33.53;100;508;506
33.54;100;508;508
33.55;100;510;508
33.56;100;509;509
33.57;100;492;508
33.58;100;494;510
33.59;100;596;511
33.6;100;737;512
33.61;100;728;511
33.62;100;474;514
33.63;100;462;518
33.64;100;454;515
33.65;100;466;516
33.66;100;471;516
33.67;100;476;517
33.68;100;481;516
33.69;100;484;515
33.7;100;492;514
33.71;100;491;514
33.72;100;499;514
33.73;100;505;515
33.74;100;509;514
33.75;100;512;514
33.76;100;517;513
33.77;100;521;513
33.78;100;530;514
33.79;100;540;515
33.8;100;547;514
33.81;100;552;517
33.82;100;567;515
33.83;100;569;516
33.84;100;566;518
33.85;100;558;523
33.86;100;540;525
33.87;100;515;528
33.88;100;490;533
33.89;100;473;539
33.9;100;463;542
33.91;100;452;542
33.92;100;457;544
33.93;100;456;546
33.94;100;461;547
33.95;100;465;542
33.96;100;472;539
33.97;100;475;536
33.98;100;479;533
33.99;100;480;525
34;100;485;521
34.01;100;483;517
34.02;100;487;513
34.03;100;490;509
34.04;100;486;508
34.05;100;494;505
34.06;100;494;505
34.07;100;496;506
34.08;100;497;506
34.09;100;501;507
34.1;100;502;509
34.11;100;508;514
34.12;100;510;512
34.13;100;510;516
34.14;100;513;520
34.15;100;512;519
34.16;100;511;520
34.17;100;518;522
34.18;100;519;523
34.19;100;517;523
34.2;100;523;523
34.21;100;526;521
34.22;100;526;520
34.23;100;515;520
34.24;100;508;519
34.25;100;511;517
34.26;100;512;518
34.27;100;515;519
34.28;100;508;514
34.29;100;510;515
34.3;100;512;514
34.31;100;514;513
34.32;100;505;511
34.33;100;486;512
34.34;100;554;512
34.35;100;685;510
34.36;100;751;510
34.37;100;512;510
34.38;100;459;510
34.39;100;465;510
34.4;100;470;512
34.41;100;483;511
34.42;100;486;513
34.43;100;495;516
34.44;100;499;515
34.45;100;505;514
34.46;100;507;515
34.47;100;508;516
34.48;100;515;516
34.49;100;516;517
34.5;100;521;517
34.51;100;526;516
34.52;100;529;516
34.53;100;530;515
34.54;100;538;516
34.55;100;552;513
34.56;100;561;516
34.57;100;571;514
34.58;100;573;515
34.59;100;574;519
34.6;100;569;518
34.61;100;553;522
34.62;100;527;527
34.63;100;496;531
34.64;100;483;535
34.65;100;465;539
34.66;100;458;542
34.67;100;455;543
34.68;100;458;543
34.69;100;458;543
34.7;100;472;541
34.71;100;474;539
34.72;100;470;535
34.73;100;480;532
34.74;100;483;526
34.75;100;481;524
34.76;100;487;518
34.77;100;488;516
34.78;100;486;511
34.79;100;489;506
34.8;100;483;502
34.81;100;489;500
34.82;100;487;500
34.83;100;492;499
34.84;100;494;499
34.85;100;494;502
34.86;100;495;504
34.87;100;505;507
34.88;100;502;508
34.89;100;505;515
34.9;100;508;516
34.91;100;515;521
34.92;100;508;521
34.93;100;518;524
34.94;100;522;525
34.95;100;524;524
34.96;100;516;524
34.97;100;506;523
34.98;100;503;522
34.99;100;505;520
35;100;506;518
35.01;100;506;518
35.02;100;507;516
35.03;100;506;515
35.04;100;507;512
35.05;100;495;511
35.06;100;475;510
35.07;100;535;509
35.08;100;667;509
35.09;100;745;511
35.1;100;531;511
35.11;100;459;512
35.12;100;454;510
35.13;100;458;510
35.14;100;467;510
35.15;100;476;511
35.16;100;480;513
35.17;100;486;512
35.18;100;488;512
35.19;100;495;513
35.2;100;497;514
35.21;100;499;515
35.22;100;506;516
35.23;100;508;519
35.24;100;512;517
35.25;100;515;516
35.26;100;524;516
35.27;100;532;516
35.28;100;539;515
35.29;100;551;516
35.3;100;560;516
35.31;100;559;516
35.32;100;562;518
35.33;100;553;523
35.34;100;537;524
35.35;100;518;526
35.36;100;492;534
35.37;100;477;536
35.38;100;459;541
35.39;100;458;546
35.4;100;458;547
35.41;100;458;550
35.42;100;462;550
35.43;100;468;548
35.44;100;471;542
35.45;100;474;537
35.46;100;473;529
35.47;100;472;524
35.48;100;477;519
35.49;100;482;513
35.5;100;482;508
35.51;100;486;505
35.52;100;485;502
35.53;100;490;503
35.54;100;491;502
35.55;100;490;504
35.56;100;493;503
35.57;100;497;507
35.58;100;499;508
35.59;100;501;509
35.6;100;505;510
35.61;100;505;515
35.62;100;509;519
35.63;100;512;517
35.64;100;510;519
35.65;100;517;520
35.66;100;521;520
35.67;100;523;521
35.68;100;522;523
35.69;100;509;520
35.7;100;507;522
35.71;100;510;523
35.72;100;507;517
35.73;100;510;518
35.74;100;505;515
35.75;100;508;513
35.76;100;509;514
35.77;100;510;513
35.78;100;483;513
35.79;100;512;513
35.8;100;633;514
35.81;100;744;512
35.82;100;649;511
35.83;100;469;511
35.84;100;458;509
35.85;100;456;508
35.86;100;466;508
35.87;100;470;510
35.88;100;476;508
35.89;100;482;511
35.9;100;490;511
35.91;100;494;509
35.92;100;498;510
35.93;100;501;511
35.94;100;500;513
35.95;100;507;512
35.96;100;514;512
35.97;100;521;514
35.98;100;525;516
35.99;100;536;516
36;100;538;518
36.01;100;546;516
36.02;100;557;516
36.03;100;563;519
36.04;100;567;518
36.05;100;560;521
36.06;100;547;526
36.07;100;527;527
36.08;100;501;531
36.09;100;481;536
36.1;100;468;540
36.11;100;464;543
36.12;100;459;546
36.13;100;460;546
36.14;100;461;545
36.15;100;462;544
36.16;100;470;541
36.17;100;472;539
36.18;100;473;535
36.19;100;479;528
36.2;100;476;522
36.21;100;481;518
36.22;100;480;512
36.23;100;482;509
36.24;100;482;505
36.25;100;483;502
36.26;100;486;500
36.27;100;491;499
36.28;100;489;500
36.29;100;489;501
36.3;100;494;503
36.31;100;497;505
36.32;100;501;509
36.33;100;502;512
36.34;100;506;516
36.35;100;508;521
36.36;100;503;522
36.37;100;514;523
36.38;100;511;525
36.39;100;511;526
36.4;100;514;523
36.41;100;518;523
36.42;100;516;520
36.43;100;512;519
36.44;100;500;518
36.45;100;501;517
36.46;100;500;515
36.47;100;503;514
36.48;100;499;511
36.49;100;499;510
36.5;100;501;510
36.51;100;504;511
36.52;100;505;508
36.53;100;484;509
36.54;100;494;509
36.55;100;601;510
36.56;100;734;508
36.57;100;702;511
36.58;100;481;513
36.59;100;460;511
36.6;100;451;512
36.61;100;461;513
36.62;100;467;512
36.63;100;472;512
36.64;100;474;513
36.65;100;483;512
36.66;100;483;513
36.67;100;493;515
36.68;100;491;515
36.69;100;500;516
36.7;100;502;513
36.71;100;509;513
36.72;100;512;513
36.73;100;522;514
36.74;100;525;514
36.75;100;535;512
36.76;100;545;513
36.77;100;562;512
36.78;100;558;513
36.79;100;566;516
36.8;100;563;520
36.81;100;555;524
36.82;100;534;529
36.83;100;511;536
36.84;100;486;539
36.85;100;473;545
36.86;100;466;548
36.87;100;457;547
36.88;100;455;546
36.89;100;461;545
36.9;100;462;543
36.91;100;470;537
36.92;100;466;532
36.93;100;475;529
36.94;100;477;524
36.95;100;476;519
36.96;100;478;514
36.97;100;480;512
36.98;100;483;509
36.99;100;488;508
37;100;489;504
37.01;100;493;504
37.02;100;491;504
37.03;100;496;505
37.04;100;495;504
37.05;100;502;506
37.06;100;503;509
37.07;100;505;509
37.08;100;504;511
37.09;100;506;513
37.1;100;508;515
37.11;100;509;517
37.12;100;508;518
37.13;100;509;518
37.14;100;512;520
37.15;100;512;521
37.16;100;512;519
37.17;100;513;519
37.18;100;510;518
37.19;100;513;518
37.2;100;510;515
37.21;100;511;514
37.22;100;512;513
37.23;100;514;512
37.24;100;510;511
37.25;100;513;514
37.26;100;516;510
37.27;100;521;510
37.28;100;519;509
37.29;100;519;509
37.3;100;504;508
37.31;100;507;511
37.32;100;508;510
37.33;100;507;512
37.34;100;507;514
37.35;100;510;512
37.36;100;513;513
37.37;100;509;512
37.38;100;512;511
37.39;100;498;512
37.4;100;488;512
37.41;100;580;513
37.42;100;731;511
37.43;100;773;514
37.44;100;521;511
37.45;100;457;514
37.46;100;453;514
37.47;100;460;513
37.48;100;463;512
37.49;100;473;515
37.5;100;476;515
37.51;100;483;512
37.52;100;487;512
37.53;100;492;512
37.54;100;494;513
37.55;100;498;512
37.56;100;504;512
37.57;100;511;512
37.58;100;513;511
37.59;100;521;511
37.6;100;524;511
37.61;100;536;512
37.62;100;540;513
37.63;100;558;515
37.64;100;563;515
37.65;100;569;517
37.66;100;565;521
37.67;100;561;525
37.68;100;546;531
37.69;100;526;535
37.7;100;501;539
37.71;100;490;543
37.72;100;463;546
37.73;100;460;548
37.74;100;459;548
37.75;100;461;546
37.76;100;462;543
37.77;100;467;540
37.78;100;465;536
37.79;100;469;532
37.8;100;473;525
37.81;100;478;520
37.82;100;471;517
37.83;100;479;513
37.84;100;480;508
37.85;100;489;506
37.86;100;490;504
37.87;100;495;504
37.88;100;491;501
37.89;100;497;503
37.9;100;496;502
37.91;100;498;504
37.92;100;499;504
37.93;100;502;507
37.94;100;507;509
37.95;100;508;512
37.96;100;511;513
37.97;100;511;515
37.98;100;512;516
37.99;100;516;519
38;100;515;518
38.01;100;512;519
38.02;100;515;517
38.03;100;522;516
38.04;100;516;516
38.05;100;514;514
38.06;100;509;513
38.07;100;518;511
38.08;100;512;511
38.09;100;511;513
38.1;100;512;511
38.11;100;516;511
38.12;100;513;509
38.13;100;519;509
38.14;100;516;508
38.15;100;521;508
38.16;100;523;508
38.17;100;529;508
38.18;100;517;508
38.19;100;512;509
38.2;100;503;510
38.21;100;505;510
38.22;100;512;509
38.23;100;507;510
38.24;100;511;511
38.25;100;514;512
38.26;100;510;514
38.27;100;515;515
38.28;100;491;513
38.29;100;501;513
38.3;100;613;513
38.31;100;762;515
38.32;100;726;513
38.33;100;492;514
38.34;100;461;515
38.35;100;449;513
38.36;100;461;513
38.37;100;464;514
38.38;100;471;514
38.39;100;478;512
38.4;100;478;512
38.41;100;489;512
38.42;100;489;511
38.43;100;498;513
38.44;100;498;512
38.45;100;505;514
38.46;100;505;513
38.47;100;513;512
38.48;100;518;510
38.49;100;528;509
38.5;100;531;508
38.51;100;543;509
38.52;100;554;510
38.53;100;563;513
38.54;100;566;515
38.55;100;564;518
38.56;100;555;522
38.57;100;544;528
38.58;100;517;534
38.59;100;499;540
38.6;100;475;543
38.61;100;467;547
38.62;100;462;550
38.63;100;461;549
38.64;100;455;548
38.65;100;461;544
38.66;100;465;540
38.67;100;468;536
38.68;100;467;531
38.69;100;472;527
38.7;100;475;522
38.71;100;483;515
38.72;100;477;511
38.73;100;481;507
38.74;100;481;505
38.75;100;493;505
38.76;100;488;502
38.77;100;494;502
38.78;100;491;503
38.79;100;499;502
38.8;100;496;503
38.81;100;501;505
38.82;100;502;508
38.83;100;508;510
38.84;100;504;512
38.85;100;507;513
38.86;100;508;516
38.87;100;505;516
38.88;100;507;516
38.89;100;513;519
38.9;100;508;519
38.91;100;519;521
38.92;100;513;519
38.93;100;515;520
38.94;100;515;519
38.95;100;512;515
38.96;100;509;514
38.97;100;514;512
38.98;100;511;511
38.99;100;515;509
39;100;515;509
39.01;100;520;509
39.02;100;522;509
39.03;100;522;507
39.04;100;510;507
39.05;100;506;507
39.06;100;502;508
39.07;100;506;510
39.08;100;508;508
39.09;100;510;510
39.1;100;508;512
39.11;100;513;511
39.12;100;510;511
39.13;100;504;510
39.14;100;482;510
39.15;100;554;511
39.16;100;690;511
39.17;100;784;512
39.18;100;552;513
39.19;100;461;513
39.2;100;451;513
39.21;100;458;513
39.22;100;462;513
39.23;100;473;515
39.24;100;476;513
39.25;100;486;516
39.26;100;484;514
39.27;100;492;512
39.28;100;494;512
39.29;100;502;512
39.3;100;508;512
39.31;100;513;511
39.32;100;515;511
39.33;100;520;509
39.34;100;522;509
39.35;100;538;509
39.36;100;540;509
39.37;100;556;509
39.38;100;558;511
39.39;100;572;512
39.4;100;568;513
39.41;100;563;517
39.42;100;547;520
39.43;100;536;527
39.44;100;504;531
39.45;100;484;536
39.46;100;464;541
39.47;100;460;542
39.48;100;454;545
39.49;100;462;546
39.5;100;461;547
39.51;100;467;542
39.52;100;467;539
39.53;100;476;535
39.54;100;475;531
39.55;100;481;526
39.56;100;478;520
39.57;100;484;515
39.58;100;483;510
39.59;100;487;508
39.6;100;483;504
39.61;100;490;501
39.62;100;485;499
39.63;100;491;500
39.64;100;491;499
39.65;100;501;500
39.66;100;497;502
39.67;100;503;505
39.68;100;504;507
39.69;100;507;508
39.7;100;513;511
39.71;100;513;515
39.72;100;511;516
39.73;100;514;521
39.74;100;512;521
39.75;100;516;520
39.76;100;515;521
39.77;100;515;520
39.78;100;509;521
39.79;100;516;519
39.8;100;512;517
39.81;100;514;516
39.82;100;516;515
39.83;100;520;513
39.84;100;519;511
39.85;100;526;510
39.86;100;511;509
39.87;100;499;510
39.88;100;502;509
39.89;100;508;511
39.9;100;505;509
39.91;100;509;507
39.92;100;507;507
39.93;100;510;507
39.94;100;509;507
39.95;100;497;508
39.96;100;486;509
39.97;100;586;509
39.98;100;712;509
39.99;100;716;510
