time;Sampling Frequency;ECG
0;100;500
0.01;100;507
0.02;100;499
0.03;100;511
0.04;100;508
0.05;100;510
0.06;100;500
0.07;100;507
0.08;100;485
0.09;100;495
0.1;100;583
0.11;100;672
0.12;100;629
0.13;100;467
0.14;100;464
0.15;100;461
0.16;100;471
0.17;100;479
0.18;100;481
0.19;100;487
0.2;100;483
0.21;100;496
0.22;100;490
0.23;100;499
0.24;100;499
0.25;100;509
0.26;100;507
0.27;100;511
0.28;100;510
0.29;100;524
0.3;100;523
0.31;100;535
0.32;100;541
0.33;100;543
0.34;100;547
0.35;100;550
0.36;100;543
0.37;100;536
0.38;100;521
0.39;100;505
0.4;100;483
0.41;100;472
0.42;100;462
0.43;100;465
0.44;100;461
0.45;100;474
0.46;100;475
0.47;100;478
0.48;100;482
0.49;100;488
0.5;100;487
0.51;100;496
0.52;100;496
0.53;100;503
0.54;100;495
0.55;100;504
0.56;100;502
0.57;100;510
0.58;100;502
0.59;100;502
0.6;100;500
0.61;100;510
0.62;100;502
0.63;100;505
0.64;100;508
0.65;100;508
0.66;100;503
0.67;100;517
0.68;100;510
0.69;100;513
0.7;100;517
0.71;100;525
0.72;100;514
0.73;100;511
0.74;100;503
0.75;100;512
0.76;100;506
0.77;100;509
0.78;100;510
0.79;100;511
0.8;100;510
0.81;100;503
0.82;100;489
0.83;100;567
0.84;100;660
0.85;100;687
0.86;100;488
0.87;100;463
0.88;100;463
0.89;100;474
0.9;100;472
0.91;100;481
0.92;100;484
0.93;100;494
0.94;100;495
0.95;100;496
0.96;100;494
0.97;100;500
0.98;100;503
0.99;100;508
1;100;508
1.01;100;515
1.02;100;513
1.03;100;529
1.04;100;525
1.05;100;537
1.06;100;542
1.07;100;553
1.08;100;551
1.09;100;551
1.1;100;540
1.11;100;529
1.12;100;502
1.13;100;491
1.14;100;473
1.15;100;467
1.16;100;461
1.17;100;464
1.18;100;473
1.19;100;477
1.2;100;479
1.21;100;486
1.22;100;492
1.23;100;493
1.24;100;502
1.25;100;509
1.26;100;502
1.27;100;506
1.28;100;504
1.29;100;508
1.3;100;507
1.31;100;507
1.32;100;504
1.33;100;508
1.34;100;510
1.35;100;507
1.36;100;506
1.37;100;512
1.38;100;510
1.39;100;512
1.4;100;503
1.41;100;515
1.42;100;519
1.43;100;512
1.44;100;514
1.45;100;502
1.46;100;500
1.47;100;507
1.48;100;510
1.49;100;514
1.5;100;510
1.51;100;519
1.52;100;505
1.53;100;500
1.54;100;498
1.55;100;596
1.56;100;690
1.57;100;647
1.58;100;467
1.59;100;473
1.6;100;468
1.61;100;482
1.62;100;483
1.63;100;492
1.64;100;492
1.65;100;505
1.66;100;500
1.67;100;504
1.68;100;506
1.69;100;517
1.7;100;519
1.71;100;524
1.72;100;520
1.73;100;529
1.74;100;533
1.75;100;543
1.76;100;543
1.77;100;556
1.78;100;556
1.79;100;559
1.8;100;552
1.81;100;561
1.82;100;539
1.83;100;523
1.84;100;500
1.85;100;490
1.86;100;463
1.87;100;466
1.88;100;459
1.89;100;464
1.9;100;468
1.91;100;472
1.92;100;474
1.93;100;477
1.94;100;473
1.95;100;482
1.96;100;480
1.97;100;489
1.98;100;492
1.99;100;494
2;100;486
2.01;100;494
2.02;100;490
2.03;100;499
2.04;100;492
2.05;100;503
2.06;100;496
2.07;100;504
2.08;100;501
2.09;100;508
2.1;100;510
2.11;100;514
2.12;100;510
2.13;100;500
2.14;100;499
2.15;100;508
2.16;100;500
2.17;100;512
2.18;100;504
2.19;100;513
2.2;100;504
2.21;100;508
2.22;100;480
2.23;100;544
2.24;100;636
2.25;100;696
2.26;100;506
2.27;100;459
2.28;100;472
2.29;100;473
2.3;100;478
2.31;100;485
2.32;100;487
2.33;100;486
2.34;100;488
2.35;100;498
2.36;100;494
2.37;100;502
2.38;100;499
2.39;100;508
2.4;100;510
2.41;100;517
2.42;100;521
2.43;100;529
2.44;100;539
2.45;100;541
2.46;100;546
2.47;100;554
2.48;100;553
2.49;100;553
2.5;100;540
2.51;100;527
2.52;100;499
2.53;100;486
2.54;100;466
2.55;100;460
2.56;100;449
2.57;100;454
2.58;100;448
2.59;100;452
2.6;100;463
2.61;100;469
2.62;100;473
2.63;100;492
2.64;100;492
2.65;100;488
2.66;100;497
2.67;100;495
2.68;100;497
2.69;100;496
2.7;100;495
2.71;100;498
2.72;100;506
2.73;100;505
2.74;100;506
2.75;100;507
2.76;100;508
2.77;100;511
2.78;100;516
2.79;100;517
2.8;100;501
2.81;100;497
2.82;100;496
2.83;100;497
2.84;100;505
2.85;100;503
2.86;100;500
2.87;100;510
2.88;100;501
2.89;100;490
2.9;100;491
2.91;100;589
2.92;100;683
2.93;100;643
2.94;100;454
2.95;100;482
2.96;100;477
2.97;100;485
2.98;100;475
2.99;100;495
3;100;491
3.01;100;499
3.02;100;502
3.03;100;498
3.04;100;502
3.05;100;510
3.06;100;503
3.07;100;511
3.08;100;524
3.09;100;532
3.1;100;524
3.11;100;539
3.12;100;539
3.13;100;536
3.14;100;541
3.15;100;548
3.16;100;549
3.17;100;550
3.18;100;531
3.19;100;511
3.2;100;488
3.21;100;468
3.22;100;460
3.23;100;457
3.24;100;463
3.25;100;460
3.26;100;460
3.27;100;468
3.28;100;477
3.29;100;486
3.3;100;490
3.31;100;497
3.32;100;492
3.33;100;496
3.34;100;506
3.35;100;499
3.36;100;501
3.37;100;507
3.38;100;495
3.39;100;506
3.4;100;505
3.41;100;509
3.42;100;512
3.43;100;505
3.44;100;516
3.45;100;522
3.46;100;518
3.47;100;511
3.48;100;503
3.49;100;511
3.5;100;504
3.51;100;517
3.52;100;509
3.53;100;510
3.54;100;510
3.55;100;519
3.56;100;501
3.57;100;486
3.58;100;535
3.59;100;658
3.6;100;716
3.61;100;537
3.62;100;478
3.63;100;480
3.64;100;470
3.65;100;483
3.66;100;479
3.67;100;489
3.68;100;490
3.69;100;486
3.7;100;495
3.71;100;494
3.72;100;492
3.73;100;508
3.74;100;508
3.75;100;514
3.76;100;508
3.77;100;519
3.78;100;521
3.79;100;537
3.8;100;539
3.81;100;548
3.82;100;547
3.83;100;557
3.84;100;540
3.85;100;535
3.86;100;520
3.87;100;497
3.88;100;478
3.89;100;470
3.9;100;458
3.91;100;451
3.92;100;456
3.93;100;466
3.94;100;464
3.95;100;477
3.96;100;483
3.97;100;488
3.98;100;491
3.99;100;502
4;100;497
4.01;100;503
4.02;100;504
4.03;100;505
4.04;100;508
4.05;100;510
4.06;100;505
4.07;100;508
4.08;100;500
4.09;100;498
4.1;100;491
4.11;100;502
4.12;100;499
4.13;100;505
4.14;100;506
4.15;100;509
4.16;100;499
4.17;100;489
4.18;100;499
4.19;100;495
4.2;100;497
4.21;100;509
4.22;100;508
4.23;100;510
4.24;100;500
4.25;100;508
4.26;100;492
4.27;100;487
4.28;100;569
4.29;100;691
4.3;100;691
4.31;100;499
4.32;100;469
4.33;100;467
4.34;100;464
4.35;100;476
4.36;100;478
4.37;100;496
4.38;100;481
4.39;100;498
4.4;100;504
4.41;100;507
4.42;100;505
4.43;100;502
4.44;100;509
4.45;100;513
4.46;100;512
4.47;100;524
4.48;100;529
4.49;100;534
4.5;100;534
4.51;100;555
4.52;100;554
4.53;100;552
4.54;100;540
4.55;100;538
4.56;100;521
4.57;100;501
4.58;100;484
4.59;100;472
4.6;100;464
4.61;100;466
4.62;100;457
4.63;100;468
4.64;100;469
4.65;100;478
4.66;100;474
4.67;100;481
4.68;100;488
4.69;100;488
4.7;100;496
4.71;100;494
4.72;100;504
4.73;100;494
4.74;100;502
4.75;100;501
4.76;100;497
4.77;100;502
4.78;100;498
4.79;100;502
4.8;100;500
4.81;100;500
4.82;100;503
4.83;100;512
4.84;100;508
4.85;100;515
4.86;100;506
4.87;100;513
4.88;100;516
4.89;100;514
4.9;100;515
4.91;100;516
4.92;100;515
4.93;100;519
4.94;100;516
4.95;100;522
4.96;100;515
4.97;100;529
4.98;100;520
4.99;100;520
5;100;508
5.01;100;511
5.02;100;503
5.03;100;502
5.04;100;499
5.05;100;509
5.06;100;503
5.07;100;506
5.08;100;505
5.09;100;503
5.1;100;477
5.11;100;523
5.12;100;635
5.13;100;709
5.14;100;612
5.15;100;482
5.16;100;464
5.17;100;461
5.18;100;468
5.19;100;476
5.2;100;480
5.21;100;484
5.22;100;489
5.23;100;492
5.24;100;497
5.25;100;503
5.26;100;500
5.27;100;508
5.28;100;503
5.29;100;512
5.3;100;515
5.31;100;525
5.32;100;531
5.33;100;536
5.34;100;539
5.35;100;546
5.36;100;550
5.37;100;553
5.38;100;547
5.39;100;537
5.4;100;518
5.41;100;497
5.42;100;472
5.43;100;464
5.44;100;456
5.45;100;462
5.46;100;459
5.47;100;469
5.48;100;463
5.49;100;467
5.5;100;473
5.51;100;476
5.52;100;482
5.53;100;488
5.54;100;488
5.55;100;492
5.56;100;491
5.57;100;503
5.58;100;502
5.59;100;505
5.6;100;500
5.61;100;510
5.62;100;507
5.63;100;512
5.64;100;503
5.65;100;510
5.66;100;509
5.67;100;512
5.68;100;505
5.69;100;507
5.7;100;511
5.71;100;512
5.72;100;515
5.73;100;517
5.74;100;512
5.75;100;516
5.76;100;513
5.77;100;516
5.78;100;512
5.79;100;519
5.8;100;518
5.81;100;514
5.82;100;512
5.83;100;516
5.84;100;511
5.85;100;511
5.86;100;511
5.87;100;508
5.88;100;506
5.89;100;508
5.9;100;508
5.91;100;505
5.92;100;508
5.93;100;509
5.94;100;506
5.95;100;510
5.96;100;507
5.97;100;510
5.98;100;516
5.99;100;521
6;100;516
6.01;100;503
6.02;100;508
6.03;100;506
6.04;100;506
6.05;100;505
6.06;100;504
6.07;100;503
6.08;100;506
6.09;100;507
6.1;100;503
6.11;100;485
6.12;100;496
6.13;100;594
6.14;100;688
6.15;100;684
6.16;100;502
6.17;100;462
6.18;100;451
6.19;100;467
6.2;100;474
6.21;100;479
6.22;100;486
6.23;100;490
6.24;100;490
6.25;100;500
6.26;100;494
6.27;100;507
6.28;100;504
6.29;100;508
6.3;100;514
6.31;100;510
6.32;100;515
6.33;100;528
6.34;100;533
6.35;100;539
6.36;100;546
6.37;100;555
6.38;100;554
6.39;100;551
6.4;100;550
6.41;100;540
6.42;100;518
6.43;100;493
6.44;100;478
6.45;100;464
6.46;100;459
6.47;100;462
6.48;100;463
6.49;100;467
6.5;100;475
6.51;100;472
6.52;100;475
6.53;100;482
6.54;100;482
6.55;100;486
6.56;100;489
6.57;100;497
6.58;100;502
6.59;100;508
6.6;100;506
6.61;100;513
6.62;100;513
6.63;100;515
6.64;100;505
6.65;100;515
6.66;100;511
6.67;100;510
6.68;100;506
6.69;100;503
6.7;100;502
6.71;100;511
6.72;100;509
6.73;100;507
6.74;100;503
6.75;100;515
6.76;100;510
6.77;100;513
6.78;100;511
6.79;100;512
6.8;100;513
6.81;100;524
6.82;100;527
6.83;100;523
6.84;100;513
6.85;100;512
6.86;100;507
6.87;100;514
6.88;100;501
6.89;100;515
6.9;100;510
6.91;100;508
6.92;100;504
6.93;100;476
6.94;100;527
6.95;100;653
6.96;100;704
6.97;100;579
6.98;100;466
6.99;100;466
7;100;463
7.01;100;476
7.02;100;477
7.03;100;484
7.04;100;492
7.05;100;494
7.06;100;501
7.07;100;507
7.08;100;502
7.09;100;516
7.1;100;512
7.11;100;515
7.12;100;519
7.13;100;524
7.14;100;525
7.15;100;531
7.16;100;537
7.17;100;551
7.18;100;557
7.19;100;568
7.2;100;566
7.21;100;556
7.22;100;538
7.23;100;517
7.24;100;493
7.25;100;480
7.26;100;456
7.27;100;461
7.28;100;458
7.29;100;466
7.3;100;462
7.31;100;463
7.32;100;463
7.33;100;472
7.34;100;476
7.35;100;483
7.36;100;483
7.37;100;491
7.38;100;491
7.39;100;496
7.4;100;497
7.41;100;502
7.42;100;505
7.43;100;507
7.44;100;506
7.45;100;506
7.46;100;508
7.47;100;512
7.48;100;506
7.49;100;508
7.5;100;510
7.51;100;507
7.52;100;511
7.53;100;509
7.54;100;509
7.55;100;510
7.56;100;512
7.57;100;508
7.58;100;505
7.59;100;509
7.6;100;500
7.61;100;513
7.62;100;505
7.63;100;504
7.64;100;515
7.65;100;518
7.66;100;519
7.67;100;510
7.68;100;503
7.69;100;508
7.7;100;504
7.71;100;511
7.72;100;504
7.73;100;515
7.74;100;511
7.75;100;496
7.76;100;507
7.77;100;617
7.78;100;700
7.79;100;637
7.8;100;477
7.81;100;473
7.82;100;467
7.83;100;475
7.84;100;484
7.85;100;489
7.86;100;491
7.87;100;491
7.88;100;497
7.89;100;495
7.9;100;500
7.91;100;505
7.92;100;505
7.93;100;511
7.94;100;518
7.95;100;523
7.96;100;518
7.97;100;534
7.98;100;535
7.99;100;555
8;100;558
8.01;100;565
8.02;100;557
8.03;100;559
8.04;100;542
8.05;100;523
8.06;100;500
8.07;100;480
8.08;100;459
8.09;100;450
8.1;100;448
8.11;100;454
8.12;100;456
8.13;100;461
8.14;100;465
8.15;100;475
8.16;100;474
8.17;100;480
8.18;100;486
8.19;100;483
8.2;100;486
8.21;100;499
8.22;100;492
8.23;100;498
8.24;100;496
8.25;100;499
8.26;100;500
8.27;100;499
8.28;100;498
8.29;100;501
8.3;100;497
8.31;100;506
8.32;100;496
8.33;100;494
8.34;100;492
8.35;100;496
8.36;100;498
8.37;100;499
8.38;100;501
8.39;100;499
8.4;100;498
8.41;100;501
8.42;100;500
8.43;100;504
8.44;100;504
8.45;100;508
8.46;100;505
8.47;100;504
8.48;100;505
8.49;100;513
8.5;100;516
8.51;100;513
8.52;100;521
8.53;100;525
8.54;100;515
8.55;100;512
8.56;100;504
8.57;100;506
8.58;100;506
8.59;100;510
8.6;100;509
8.61;100;510
8.62;100;509
8.63;100;505
8.64;100;486
8.65;100;550
8.66;100;662
8.67;100;711
8.68;100;530
8.69;100;475
8.7;100;466
8.71;100;474
8.72;100;475
8.73;100;484
8.74;100;482
8.75;100;488
8.76;100;486
8.77;100;497
8.78;100;494
8.79;100;500
8.8;100;505
8.81;100;505
8.82;100;507
8.83;100;514
8.84;100;518
8.85;100;529
8.86;100;531
8.87;100;541
8.88;100;547
8.89;100;560
8.9;100;558
8.91;100;563
8.92;100;557
8.93;100;548
8.94;100;530
8.95;100;496
8.96;100;480
8.97;100;469
8.98;100;464
8.99;100;464
9;100;467
9.01;100;463
9.02;100;471
9.03;100;477
9.04;100;477
9.05;100;491
9.06;100;489
9.07;100;491
9.08;100;491
9.09;100;500
9.1;100;499
9.11;100;505
9.12;100;502
9.13;100;505
9.14;100;503
9.15;100;507
9.16;100;507
9.17;100;502
9.18;100;501
9.19;100;504
9.2;100;497
9.21;100;503
9.22;100;504
9.23;100;502
9.24;100;502
9.25;100;508
9.26;100;507
9.27;100;510
9.28;100;508
9.29;100;520
9.3;100;524
9.31;100;527
9.32;100;520
9.33;100;528
9.34;100;523
9.35;100;517
9.36;100;512
9.37;100;508
9.38;100;507
9.39;100;512
9.4;100;507
9.41;100;504
9.42;100;506
9.43;100;508
9.44;100;486
9.45;100;500
9.46;100;605
9.47;100;685
9.48;100;586
9.49;100;448
9.5;100;480
9.51;100;477
9.52;100;475
9.53;100;486
9.54;100;490
9.55;100;496
9.56;100;492
9.57;100;500
9.58;100;498
9.59;100;508
9.6;100;505
9.61;100;508
9.62;100;512
9.63;100;522
9.64;100;516
9.65;100;527
9.66;100;525
9.67;100;536
9.68;100;547
9.69;100;549
9.7;100;556
9.71;100;556
9.72;100;547
9.73;100;541
9.74;100;517
9.75;100;501
9.76;100;471
9.77;100;463
9.78;100;453
9.79;100;456
9.8;100;452
9.81;100;462
9.82;100;464
9.83;100;478
9.84;100;479
9.85;100;483
9.86;100;490
9.87;100;497
9.88;100;497
9.89;100;499
9.9;100;503
9.91;100;501
9.92;100;504
9.93;100;505
9.94;100;511
9.95;100;508
9.96;100;504
9.97;100;503
9.98;100;501
9.99;100;502
10;100;502
10.01;100;510
10.02;100;497
10.03;100;510
10.04;100;505
10.05;100;508
10.06;100;513
10.07;100;509
10.08;100;509
10.09;100;521
10.1;100;524
10.11;100;505
10.12;100;498
10.13;100;499
10.14;100;502
10.15;100;501
10.16;100;500
10.17;100;502
10.18;100;510
10.19;100;510
10.2;100;496
10.21;100;490
10.22;100;555
10.23;100;670
10.24;100;671
10.25;100;481
10.26;100;483
10.27;100;480
10.28;100;478
10.29;100;484
10.3;100;492
10.31;100;493
10.32;100;494
10.33;100;502
10.34;100;499
10.35;100;504
10.36;100;502
10.37;100;507
10.38;100;505
10.39;100;514
10.4;100;512
10.41;100;528
10.42;100;531
10.43;100;537
10.44;100;541
10.45;100;547
10.46;100;547
10.47;100;550
10.48;100;544
10.49;100;536
10.5;100;521
10.51;100;502
10.52;100;473
10.53;100;460
10.54;100;449
10.55;100;442
10.56;100;445
10.57;100;454
10.58;100;459
10.59;100;463
10.6;100;473
10.61;100;482
10.62;100;477
10.63;100;493
10.64;100;496
10.65;100;496
10.66;100;496
10.67;100;503
10.68;100;507
10.69;100;508
10.7;100;501
10.71;100;507
10.72;100;500
10.73;100;499
10.74;100;506
10.75;100;511
10.76;100;509
10.77;100;515
10.78;100;511
10.79;100;511
10.8;100;514
10.81;100;510
10.82;100;508
10.83;100;515
10.84;100;514
10.85;100;517
10.86;100;519
10.87;100;526
10.88;100;519
10.89;100;517
10.9;100;504
10.91;100;509
10.92;100;509
10.93;100;507
10.94;100;503
10.95;100;510
10.96;100;509
10.97;100;506
10.98;100;480
10.99;100;541
11;100;655
11.01;100;711
11.02;100;544
11.03;100;473
11.04;100;471
11.05;100;466
11.06;100;472
11.07;100;482
11.08;100;489
11.09;100;490
11.1;100;493
11.11;100;502
11.12;100;497
11.13;100;505
11.14;100;515
11.15;100;515
11.16;100;515
11.17;100;526
11.18;100;528
11.19;100;531
11.2;100;535
11.21;100;547
11.22;100;546
11.23;100;558
11.24;100;558
11.25;100;553
11.26;100;542
11.27;100;538
11.28;100;519
11.29;100;502
11.3;100;475
11.31;100;465
11.32;100;461
11.33;100;457
11.34;100;465
11.35;100;468
11.36;100;470
11.37;100;477
11.38;100;481
11.39;100;487
11.4;100;496
11.41;100;498
11.42;100;500
11.43;100;505
11.44;100;504
11.45;100;508
11.46;100;508
11.47;100;510
11.48;100;507
11.49;100;510
11.5;100;506
11.51;100;510
11.52;100;507
11.53;100;507
11.54;100;509
11.55;100;515
11.56;100;507
11.57;100;510
11.58;100;500
11.59;100;516
11.6;100;506
11.61;100;513
11.62;100;511
11.63;100;517
11.64;100;515
11.65;100;518
11.66;100;517
11.67;100;522
11.68;100;516
11.69;100;523
11.7;100;528
11.71;100;519
11.72;100;524
11.73;100;529
11.74;100;523
11.75;100;530
11.76;100;515
11.77;100;511
11.78;100;513
11.79;100;517
11.8;100;511
11.81;100;516
11.82;100;520
11.83;100;513
11.84;100;489
11.85;100;548
11.86;100;662
11.87;100;720
11.88;100;595
11.89;100;482
11.9;100;460
11.91;100;461
11.92;100;469
11.93;100;472
11.94;100;481
11.95;100;486
11.96;100;491
11.97;100;494
11.98;100;495
11.99;100;506
12;100;499
12.01;100;508
12.02;100;508
12.03;100;513
12.04;100;519
12.05;100;525
12.06;100;531
12.07;100;539
12.08;100;547
12.09;100;556
12.1;100;558
12.11;100;562
12.12;100;551
12.13;100;547
12.14;100;530
12.15;100;508
12.16;100;490
12.17;100;475
12.18;100;463
12.19;100;464
12.2;100;460
12.21;100;466
12.22;100;472
12.23;100;478
12.24;100;476
12.25;100;480
12.26;100;484
12.27;100;487
12.28;100;488
12.29;100;500
12.3;100;491
12.31;100;489
12.32;100;496
12.33;100;500
12.34;100;496
12.35;100;506
12.36;100;494
12.37;100;500
12.38;100;498
12.39;100;502
12.4;100;497
12.41;100;501
12.42;100;502
12.43;100;500
12.44;100;500
12.45;100;504
12.46;100;503
12.47;100;512
12.48;100;503
12.49;100;511
12.5;100;507
12.51;100;510
12.52;100;509
12.53;100;513
12.54;100;509
12.55;100;511
12.56;100;503
12.57;100;509
12.58;100;509
12.59;100;510
12.6;100;504
12.61;100;504
12.62;100;508
12.63;100;513
12.64;100;511
12.65;100;507
12.66;100;494
12.67;100;493
12.68;100;496
12.69;100;499
12.7;100;489
12.71;100;497
12.72;100;494
12.73;100;492
12.74;100;476
12.75;100;519
12.76;100;627
12.77;100;697
12.78;100;604
12.79;100;471
12.8;100;451
12.81;100;452
12.82;100;460
12.83;100;463
12.84;100;469
12.85;100;476
12.86;100;477
12.87;100;489
12.88;100;493
12.89;100;490
12.9;100;497
12.91;100;506
12.92;100;502
12.93;100;512
12.94;100;519
12.95;100;526
12.96;100;530
12.97;100;540
12.98;100;545
12.99;100;552
13;100;560
13.01;100;562
13.02;100;556
13.03;100;545
13.04;100;525
13.05;100;504
13.06;100;482
13.07;100;468
13.08;100;462
13.09;100;457
13.1;100;460
13.11;100;464
13.12;100;462
13.13;100;464
13.14;100;472
13.15;100;476
13.16;100;481
13.17;100;484
13.18;100;482
13.19;100;484
13.2;100;482
13.21;100;492
13.22;100;487
13.23;100;496
13.24;100;496
13.25;100;492
13.26;100;495
13.27;100;503
13.28;100;500
13.29;100;503
13.3;100;502
13.31;100;504
13.32;100;507
13.33;100;508
13.34;100;508
13.35;100;508
13.36;100;507
13.37;100;507
13.38;100;506
13.39;100;510
13.4;100;504
13.41;100;510
13.42;100;506
13.43;100;510
13.44;100;503
13.45;100;501
13.46;100;498
13.47;100;503
13.48;100;502
13.49;100;501
13.5;100;502
13.51;100;502
13.52;100;509
13.53;100;504
13.54;100;505
13.55;100;519
13.56;100;510
13.57;100;506
13.58;100;494
13.59;100;498
13.6;100;502
13.61;100;504
13.62;100;508
13.63;100;504
13.64;100;500
13.65;100;501
13.66;100;475
13.67;100;537
13.68;100;644
13.69;100;698
13.7;100;551
13.71;100;465
13.72;100;460
13.73;100;465
13.74;100;473
13.75;100;493
13.76;100;486
13.77;100;496
13.78;100;495
13.79;100;505
13.8;100;499
13.81;100;507
13.82;100;508
13.83;100;514
13.84;100;512
13.85;100;522
13.86;100;523
13.87;100;532
13.88;100;533
13.89;100;541
13.9;100;550
13.91;100;556
13.92;100;557
13.93;100;557
13.94;100;548
13.95;100;545
13.96;100;523
13.97;100;506
13.98;100;485
13.99;100;468
14;100;454
14.01;100;455
14.02;100;453
14.03;100;456
14.04;100;462
14.05;100;472
14.06;100;473
14.07;100;480
14.08;100;475
14.09;100;488
14.1;100;487
14.11;100;490
14.12;100;487
14.13;100;494
14.14;100;494
14.15;100;496
14.16;100;493
14.17;100;502
14.18;100;496
14.19;100;496
14.2;100;500
14.21;100;496
14.22;100;496
14.23;100;499
14.24;100;502
14.25;100;502
14.26;100;501
14.27;100;501
14.28;100;506
14.29;100;510
14.3;100;500
14.31;100;512
14.32;100;503
14.33;100;514
14.34;100;511
14.35;100;508
14.36;100;507
14.37;100;512
14.38;100;508
14.39;100;510
14.4;100;507
14.41;100;504
14.42;100;499
14.43;100;516
14.44;100;517
14.45;100;514
14.46;100;518
14.47;100;525
14.48;100;520
14.49;100;513
14.5;100;502
14.51;100;508
14.52;100;502
14.53;100;505
14.54;100;508
14.55;100;509
14.56;100;508
14.57;100;496
14.58;100;499
14.59;100;581
14.6;100;679
14.61;100;685
14.62;100;493
14.63;100;472
14.64;100;470
14.65;100;480
14.66;100;480
14.67;100;489
14.68;100;489
14.69;100;499
14.7;100;498
14.71;100;507
14.72;100;507
14.73;100;509
14.74;100;511
14.75;100;520
14.76;100;520
14.77;100;520
14.78;100;525
14.79;100;536
14.8;100;536
14.81;100;547
14.82;100;553
14.83;100;567
14.84;100;562
14.85;100;560
14.86;100;543
14.87;100;538
14.88;100;511
14.89;100;491
14.9;100;470
14.91;100;464
14.92;100;455
14.93;100;456
14.94;100;453
14.95;100;461
14.96;100;460
14.97;100;467
14.98;100;469
14.99;100;475
15;100;480
15.01;100;490
15.02;100;486
15.03;100;497
15.04;100;496
15.05;100;496
15.06;100;496
15.07;100;494
15.08;100;496
15.09;100;498
15.1;100;503
15.11;100;504
15.12;100;503
15.13;100;507
15.14;100;508
15.15;100;501
15.16;100;502
15.17;100;507
15.18;100;497
15.19;100;499
15.2;100;506
15.21;100;505
15.22;100;507
15.23;100;523
15.24;100;513
15.25;100;513
15.26;100;525
15.27;100;524
15.28;100;516
15.29;100;511
15.3;100;509
15.31;100;512
15.32;100;509
15.33;100;514
15.34;100;513
15.35;100;516
15.36;100;510
15.37;100;493
15.38;100;503
15.39;100;611
15.4;100;681
15.41;100;590
15.42;100;446
15.43;100;476
15.44;100;471
15.45;100;481
15.46;100;485
15.47;100;496
15.48;100;491
15.49;100;499
15.5;100;495
15.51;100;504
15.52;100;510
15.53;100;513
15.54;100;518
15.55;100;518
15.56;100;526
15.57;100;531
15.58;100;532
15.59;100;542
15.6;100;545
15.61;100;554
15.62;100;558
15.63;100;568
15.64;100;559
15.65;100;551
15.66;100;547
15.67;100;527
15.68;100;497
15.69;100;480
15.7;100;462
15.71;100;455
15.72;100;450
15.73;100;456
15.74;100;460
15.75;100;472
15.76;100;470
15.77;100;480
15.78;100;489
15.79;100;489
15.8;100;494
15.81;100;511
15.82;100;505
15.83;100;508
15.84;100;514
15.85;100;516
15.86;100;515
15.87;100;518
15.88;100;516
15.89;100;519
15.9;100;516
15.91;100;516
15.92;100;512
15.93;100;513
15.94;100;512
15.95;100;519
15.96;100;520
15.97;100;526
15.98;100;519
15.99;100;527
16;100;535
16.01;100;532
16.02;100;519
16.03;100;511
16.04;100;512
16.05;100;513
16.06;100;514
16.07;100;516
16.08;100;513
16.09;100;516
16.1;100;517
16.11;100;494
16.12;100;510
16.13;100;620
16.14;100;695
16.15;100;593
16.16;100;465
16.17;100;488
16.18;100;487
16.19;100;492
16.2;100;495
16.21;100;504
16.22;100;505
16.23;100;513
16.24;100;514
16.25;100;520
16.26;100;518
16.27;100;524
16.28;100;530
16.29;100;540
16.3;100;537
16.31;100;542
16.32;100;546
16.33;100;555
16.34;100;558
16.35;100;564
16.36;100;574
16.37;100;579
16.38;100;574
16.39;100;573
16.4;100;561
16.41;100;544
16.42;100;510
16.43;100;494
16.44;100;479
16.45;100;472
16.46;100;467
16.47;100;468
16.48;100;473
16.49;100;478
16.5;100;486
16.51;100;492
16.52;100;494
16.53;100;504
16.54;100;502
16.55;100;499
16.56;100;508
16.57;100;506
16.58;100;511
16.59;100;512
16.6;100;510
16.61;100;512
16.62;100;510
16.63;100;512
16.64;100;507
16.65;100;514
16.66;100;507
16.67;100;512
16.68;100;509
16.69;100;516
16.7;100;508
16.71;100;513
16.72;100;513
16.73;100;526
16.74;100;515
16.75;100;527
16.76;100;532
16.77;100;526
16.78;100;513
16.79;100;512
16.8;100;512
16.81;100;512
16.82;100;512
16.83;100;509
16.84;100;510
16.85;100;509
16.86;100;503
16.87;100;481
16.88;100;524
16.89;100;644
16.9;100;706
16.91;100;595
16.92;100;473
16.93;100;471
16.94;100;457
16.95;100;478
16.96;100;473
16.97;100;480
16.98;100;482
16.99;100;483
17;100;485
17.01;100;488
17.02;100;489
17.03;100;488
17.04;100;499
17.05;100;497
17.06;100;499
17.07;100;510
17.08;100;513
17.09;100;522
17.1;100;523
17.11;100;531
17.12;100;540
17.13;100;544
17.14;100;546
17.15;100;545
17.16;100;532
17.17;100;509
17.18;100;487
17.19;100;470
17.2;100;459
17.21;100;456
17.22;100;451
17.23;100;455
17.24;100;457
17.25;100;463
17.26;100;471
17.27;100;475
17.28;100;477
17.29;100;477
17.3;100;484
17.31;100;488
17.32;100;489
17.33;100;490
17.34;100;497
17.35;100;494
17.36;100;495
17.37;100;503
17.38;100;498
17.39;100;497
17.4;100;498
17.41;100;494
17.42;100;489
17.43;100;488
17.44;100;491
17.45;100;490
17.46;100;494
17.47;100;490
17.48;100;488
17.49;100;494
17.5;100;491
17.51;100;492
17.52;100;497
17.53;100;495
17.54;100;498
17.55;100;504
17.56;100;497
17.57;100;505
17.58;100;512
17.59;100;516
17.6;100;503
17.61;100;504
17.62;100;499
17.63;100;497
17.64;100;497
17.65;100;500
17.66;100;499
17.67;100;504
17.68;100;498
17.69;100;497
17.7;100;476
17.71;100;507
17.72;100;632
17.73;100;701
17.74;100;614
17.75;100;470
17.76;100;451
17.77;100;453
17.78;100;455
17.79;100;463
17.8;100;470
17.81;100;468
17.82;100;472
17.83;100;480
17.84;100;487
17.85;100;487
17.86;100;486
17.87;100;495
17.88;100;496
17.89;100;503
17.9;100;506
17.91;100;513
17.92;100;515
17.93;100;525
17.94;100;530
17.95;100;544
17.96;100;550
17.97;100;551
17.98;100;543
17.99;100;529
18;100;507
18.01;100;486
18.02;100;467
18.03;100;449
18.04;100;439
18.05;100;443
18.06;100;441
18.07;100;448
18.08;100;454
18.09;100;461
18.1;100;466
18.11;100;477
18.12;100;474
18.13;100;477
18.14;100;484
18.15;100;492
18.16;100;489
18.17;100;492
18.18;100;496
18.19;100;497
18.2;100;496
18.21;100;495
18.22;100;496
18.23;100;501
18.24;100;497
18.25;100;501
18.26;100;502
18.27;100;502
18.28;100;501
18.29;100;499
18.3;100;507
18.31;100;505
18.32;100;511
18.33;100;512
18.34;100;506
18.35;100;509
18.36;100;514
18.37;100;512
18.38;100;510
18.39;100;511
18.4;100;509
18.41;100;509
18.42;100;510
18.43;100;512
18.44;100;514
18.45;100;513
18.46;100;511
18.47;100;513
18.48;100;507
18.49;100;512
18.5;100;509
18.51;100;513
18.52;100;509
18.53;100;512
18.54;100;515
18.55;100;512
18.56;100;512
18.57;100;515
18.58;100;511
18.59;100;518
18.6;100;511
18.61;100;518
18.62;100;508
18.63;100;510
18.64;100;512
18.65;100;518
18.66;100;517
18.67;100;515
18.68;100;515
18.69;100;513
18.7;100;517
18.71;100;519
18.72;100;515
18.73;100;519
18.74;100;523
18.75;100;519
18.76;100;514
18.77;100;532
18.78;100;524
18.79;100;524
18.8;100;514
18.81;100;505
18.82;100;506
18.83;100;508
18.84;100;510
18.85;100;514
18.86;100;512
18.87;100;516
18.88;100;510
18.89;100;514
18.9;100;510
18.91;100;485
18.92;100;517
18.93;100;636
18.94;100;713
18.95;100;629
18.96;100;479
18.97;100;463
18.98;100;461
18.99;100;472
19;100;477
19.01;100;480
19.02;100;483
19.03;100;492
19.04;100;492
19.05;100;498
19.06;100;495
19.07;100;502
19.08;100;507
19.09;100;510
19.1;100;512
19.11;100;513
19.12;100;520
19.13;100;527
19.14;100;529
19.15;100;541
19.16;100;544
19.17;100;550
19.18;100;551
19.19;100;552
19.2;100;546
19.21;100;530
19.22;100;510
19.23;100;486
19.24;100;467
19.25;100;453
19.26;100;443
19.27;100;449
19.28;100;446
19.29;100;452
19.3;100;458
19.31;100;468
19.32;100;472
19.33;100;478
19.34;100;476
19.35;100;483
19.36;100;482
19.37;100;485
19.38;100;494
19.39;100;498
19.4;100;498
19.41;100;498
19.42;100;499
19.43;100;503
19.44;100;496
19.45;100;505
19.46;100;501
19.47;100;509
19.48;100;508
19.49;100;506
19.5;100;508
19.51;100;510
19.52;100;510
19.53;100;510
19.54;100;507
19.55;100;511
19.56;100;505
19.57;100;505
19.58;100;502
19.59;100;512
19.6;100;510
19.61;100;509
19.62;100;509
19.63;100;512
19.64;100;504
19.65;100;511
19.66;100;508
19.67;100;508
19.68;100;505
19.69;100;507
19.7;100;500
19.71;100;504
19.72;100;503
19.73;100;503
19.74;100;502
19.75;100;504
19.76;100;503
19.77;100;502
19.78;100;506
19.79;100;507
19.8;100;510
19.81;100;515
19.82;100;504
19.83;100;512
19.84;100;514
19.85;100;508
19.86;100;513
19.87;100;520
19.88;100;511
19.89;100;511
19.9;100;493
19.91;100;500
19.92;100;495
19.93;100;503
19.94;100;503
19.95;100;502
19.96;100;498
19.97;100;495
19.98;100;496
19.99;100;501
20;100;476
20.01;100;489
20.02;100;579
20.03;100;680
20.04;100;671
20.05;100;483
20.06;100;450
20.07;100;447
20.08;100;452
20.09;100;460
20.1;100;469
20.11;100;471
20.12;100;476
20.13;100;480
20.14;100;486
20.15;100;490
20.16;100;492
20.17;100;495
20.18;100;499
20.19;100;504
20.2;100;510
20.21;100;517
20.22;100;526
20.23;100;533
20.24;100;548
20.25;100;554
20.26;100;558
20.27;100;567
20.28;100;561
20.29;100;560
20.3;100;543
20.31;100;522
20.32;100;498
20.33;100;472
20.34;100;453
20.35;100;452
20.36;100;446
20.37;100;449
20.38;100;454
20.39;100;457
20.4;100;451
20.41;100;465
20.42;100;468
20.43;100;473
20.44;100;477
20.45;100;480
20.46;100;481
20.47;100;486
20.48;100;487
20.49;100;491
20.5;100;494
20.51;100;497
20.52;100;496
20.53;100;496
20.54;100;499
20.55;100;503
20.56;100;496
20.57;100;499
20.58;100;499
20.59;100;510
20.6;100;505
20.61;100;508
20.62;100;502
20.63;100;507
20.64;100;509
20.65;100;513
20.66;100;510
20.67;100;513
20.68;100;513
20.69;100;507
20.7;100;506
20.71;100;513
20.72;100;511
20.73;100;509
20.74;100;510
20.75;100;512
20.76;100;512
20.77;100;511
20.78;100;510
20.79;100;511
20.8;100;506
20.81;100;514
20.82;100;506
20.83;100;501
20.84;100;505
20.85;100;510
20.86;100;506
20.87;100;506
20.88;100;510
20.89;100;514
20.9;100;507
20.91;100;519
20.92;100;521
20.93;100;510
20.94;100;502
20.95;100;496
20.96;100;501
20.97;100;505
20.98;100;500
20.99;100;503
21;100;497
21.01;100;505
21.02;100;505
21.03;100;500
21.04;100;478
21.05;100;513
21.06;100;614
21.07;100;698
21.08;100;584
21.09;100;455
21.1;100;465
21.11;100;459
21.12;100;469
21.13;100;481
21.14;100;483
21.15;100;489
21.16;100;488
21.17;100;496
21.18;100;497
21.19;100;511
21.2;100;504
21.21;100;511
21.22;100;515
21.23;100;525
21.24;100;524
21.25;100;532
21.26;100;531
21.27;100;547
21.28;100;551
21.29;100;554
21.3;100;562
21.31;100;567
21.32;100;561
21.33;100;551
21.34;100;541
21.35;100;520
21.36;100;486
21.37;100;466
21.38;100;449
21.39;100;453
21.4;100;448
21.41;100;446
21.42;100;452
21.43;100;460
21.44;100;467
21.45;100;471
21.46;100;478
21.47;100;483
21.48;100;487
21.49;100;494
21.5;100;490
21.51;100;489
21.52;100;499
21.53;100;494
21.54;100;504
21.55;100;502
21.56;100;503
21.57;100;500
21.58;100;496
21.59;100;499
21.6;100;497
21.61;100;496
21.62;100;499
21.63;100;503
21.64;100;505
21.65;100;506
21.66;100;510
21.67;100;510
21.68;100;513
21.69;100;516
21.7;100;513
21.71;100;512
21.72;100;521
21.73;100;523
21.74;100;515
21.75;100;526
21.76;100;529
21.77;100;519
21.78;100;511
21.79;100;508
21.8;100;503
21.81;100;510
21.82;100;508
21.83;100;513
21.84;100;509
21.85;100;504
21.86;100;512
21.87;100;504
21.88;100;482
21.89;100;511
21.9;100;610
21.91;100;694
21.92;100;570
21.93;100;466
21.94;100;473
21.95;100;466
21.96;100;473
21.97;100;483
21.98;100;483
21.99;100;488
22;100;494
22.01;100;496
22.02;100;497
22.03;100;501
22.04;100;504
22.05;100;509
22.06;100;508
22.07;100;511
22.08;100;520
22.09;100;526
22.1;100;536
22.11;100;539
22.12;100;545
22.13;100;555
22.14;100;564
22.15;100;568
22.16;100;557
22.17;100;548
22.18;100;527
22.19;100;512
22.2;100;480
22.21;100;463
22.22;100;450
22.23;100;451
22.24;100;453
22.25;100;456
22.26;100;458
22.27;100;468
22.28;100;475
22.29;100;482
22.3;100;487
22.31;100;498
22.32;100;499
22.33;100;506
22.34;100;507
22.35;100;503
22.36;100;507
22.37;100;510
22.38;100;513
22.39;100;509
22.4;100;519
22.41;100;512
22.42;100;501
22.43;100;505
22.44;100;507
22.45;100;512
22.46;100;512
22.47;100;512
22.48;100;517
22.49;100;513
22.5;100;509
22.51;100;518
22.52;100;519
22.53;100;520
22.54;100;512
22.55;100;519
22.56;100;526
22.57;100;520
22.58;100;514
22.59;100;510
22.6;100;506
22.61;100;507
22.62;100;510
22.63;100;509
22.64;100;511
22.65;100;513
22.66;100;514
22.67;100;516
22.68;100;487
22.69;100;513
22.7;100;619
22.71;100;698
22.72;100;609
22.73;100;471
22.74;100;470
22.75;100;465
22.76;100;465
22.77;100;478
22.78;100;478
22.79;100;483
22.8;100;488
22.81;100;491
22.82;100;495
22.83;100;502
22.84;100;501
22.85;100;508
22.86;100;510
22.87;100;519
22.88;100;517
22.89;100;534
22.9;100;533
22.91;100;545
22.92;100;550
22.93;100;555
22.94;100;561
22.95;100;566
22.96;100;568
22.97;100;555
22.98;100;536
22.99;100;515
23;100;487
23.01;100;472
23.02;100;451
23.03;100;449
23.04;100;453
23.05;100;453
23.06;100;454
23.07;100;470
23.08;100;469
23.09;100;479
23.1;100;479
23.11;100;489
23.12;100;491
23.13;100;497
23.14;100;496
23.15;100;498
23.16;100;499
23.17;100;504
23.18;100;500
23.19;100;511
23.2;100;503
23.21;100;508
23.22;100;502
23.23;100;507
23.24;100;502
23.25;100;507
23.26;100;496
23.27;100;506
23.28;100;501
23.29;100;501
23.3;100;501
23.31;100;510
23.32;100;497
23.33;100;505
23.34;100;502
23.35;100;506
23.36;100;511
23.37;100;513
23.38;100;512
23.39;100;511
23.4;100;515
23.41;100;518
23.42;100;505
23.43;100;506
23.44;100;500
23.45;100;506
23.46;100;504
23.47;100;506
23.48;100;508
23.49;100;513
23.5;100;510
23.51;100;512
23.52;100;499
23.53;100;487
23.54;100;557
23.55;100;674
23.56;100;700
23.57;100;521
23.58;100;466
23.59;100;466
23.6;100;460
23.61;100;473
23.62;100;474
23.63;100;481
23.64;100;484
23.65;100;493
23.66;100;492
23.67;100;504
23.68;100;498
23.69;100;504
23.7;100;504
23.71;100;516
23.72;100;508
23.73;100;515
23.74;100;517
23.75;100;527
23.76;100;537
23.77;100;543
23.78;100;550
23.79;100;553
23.8;100;553
23.81;100;556
23.82;100;540
23.83;100;523
23.84;100;497
23.85;100;478
23.86;100;467
23.87;100;461
23.88;100;461
23.89;100;461
23.9;100;461
23.91;100;464
23.92;100;470
23.93;100;476
23.94;100;478
23.95;100;479
23.96;100;477
23.97;100;492
23.98;100;488
23.99;100;501
24;100;501
24.01;100;504
24.02;100;507
24.03;100;510
24.04;100;510
24.05;100;512
24.06;100;511
24.07;100;509
24.08;100;508
24.09;100;511
24.1;100;509
24.11;100;504
24.12;100;507
24.13;100;504
24.14;100;504
24.15;100;505
24.16;100;510
24.17;100;513
24.18;100;511
24.19;100;517
24.2;100;512
24.21;100;516
24.22;100;512
24.23;100;514
24.24;100;514
24.25;100;516
24.26;100;519
24.27;100;513
24.28;100;518
24.29;100;516
24.3;100;514
24.31;100;508
24.32;100;513
24.33;100;513
24.34;100;513
24.35;100;518
24.36;100;515
24.37;100;518
24.38;100;514
24.39;100;516
24.4;100;518
24.41;100;519
24.42;100;517
24.43;100;530
24.44;100;528
24.45;100;520
24.46;100;528
24.47;100;530
24.48;100;521
24.49;100;515
24.5;100;507
24.51;100;508
24.52;100;506
24.53;100;506
24.54;100;505
24.55;100;505
24.56;100;504
24.57;100;502
24.58;100;483
24.59;100;496
24.6;100;598
24.61;100;689
24.62;100;672
24.63;100;496
24.64;100;457
24.65;100;457
24.66;100;467
24.67;100;475
24.68;100;482
24.69;100;485
24.7;100;486
24.71;100;493
24.72;100;495
24.73;100;505
24.74;100;503
24.75;100;508
24.76;100;508
24.77;100;517
24.78;100;516
24.79;100;525
24.8;100;530
24.81;100;539
24.82;100;540
24.83;100;550
24.84;100;558
24.85;100;559
24.86;100;563
24.87;100;561
24.88;100;548
24.89;100;530
24.9;100;503
24.91;100;482
24.92;100;466
24.93;100;456
24.94;100;451
24.95;100;456
24.96;100;464
24.97;100;466
24.98;100;467
24.99;100;474
25;100;479
25.01;100;482
25.02;100;481
25.03;100;489
25.04;100;491
25.05;100;492
25.06;100;494
25.07;100;499
25.08;100;505
25.09;100;507
25.1;100;501
25.11;100;505
25.12;100;500
25.13;100;509
25.14;100;504
25.15;100;506
25.16;100;502
25.17;100;505
25.18;100;507
25.19;100;505
25.2;100;502
25.21;100;505
25.22;100;506
25.23;100;507
25.24;100;508
25.25;100;501
25.26;100;505
25.27;100;512
25.28;100;503
25.29;100;507
25.3;100;506
25.31;100;508
25.32;100;498
25.33;100;511
25.34;100;507
25.35;100;504
25.36;100;507
25.37;100;515
25.38;100;509
25.39;100;515
25.4;100;512
25.41;100;514
25.42;100;511
25.43;100;516
25.44;100;513
25.45;100;513
25.46;100;510
25.47;100;510
25.48;100;506
25.49;100;510
25.5;100;511
25.51;100;516
25.52;100;509
25.53;100;515
25.54;100;524
25.55;100;515
25.56;100;512
25.57;100;507
25.58;100;504
25.59;100;508
25.6;100;508
25.61;100;512
25.62;100;507
25.63;100;519
25.64;100;512
25.65;100;499
25.66;100;504
25.67;100;603
25.68;100;698
25.69;100;679
25.7;100;498
25.71;100;461
25.72;100;455
25.73;100;464
25.74;100;471
25.75;100;477
25.76;100;480
25.77;100;487
25.78;100;489
25.79;100;496
25.8;100;493
25.81;100;501
25.82;100;497
25.83;100;504
25.84;100;505
25.85;100;515
25.86;100;520
25.87;100;528
25.88;100;532
25.89;100;543
25.9;100;547
25.91;100;554
25.92;100;561
25.93;100;557
25.94;100;552
25.95;100;547
25.96;100;529
25.97;100;508
25.98;100;482
25.99;100;469
26;100;455
26.01;100;454
26.02;100;447
26.03;100;455
26.04;100;457
26.05;100;469
26.06;100;471
26.07;100;479
26.08;100;481
26.09;100;488
26.1;100;492
26.11;100;492
26.12;100;496
26.13;100;499
26.14;100;506
26.15;100;502
26.16;100;507
26.17;100;510
26.18;100;506
26.19;100;507
26.2;100;504
26.21;100;509
26.22;100;505
26.23;100;509
26.24;100;508
26.25;100;505
26.26;100;506
26.27;100;511
26.28;100;507
26.29;100;506
26.3;100;513
26.31;100;515
26.32;100;506
26.33;100;511
26.34;100;507
26.35;100;511
26.36;100;505
26.37;100;511
26.38;100;509
26.39;100;513
26.4;100;505
26.41;100;512
26.42;100;505
26.43;100;512
26.44;100;510
26.45;100;511
26.46;100;507
26.47;100;507
26.48;100;500
26.49;100;499
26.5;100;505
26.51;100;506
26.52;100;512
26.53;100;512
26.54;100;504
26.55;100;516
26.56;100;518
26.57;100;514
26.58;100;500
26.59;100;499
26.6;100;499
26.61;100;499
26.62;100;499
26.63;100;503
26.64;100;510
26.65;100;504
26.66;100;500
26.67;100;483
26.68;100;536
26.69;100;649
26.7;100;700
26.71;100;574
26.72;100;468
26.73;100;467
26.74;100;463
26.75;100;473
26.76;100;473
26.77;100;486
26.78;100;485
26.79;100;494
26.8;100;494
26.81;100;499
26.82;100;500
26.83;100;499
26.84;100;496
26.85;100;513
26.86;100;514
26.87;100;518
26.88;100;514
26.89;100;526
26.9;100;537
26.91;100;545
26.92;100;547
26.93;100;561
26.94;100;561
26.95;100;569
26.96;100;560
26.97;100;546
26.98;100;522
26.99;100;497
27;100;470
27.01;100;465
27.02;100;448
27.03;100;458
27.04;100;451
27.05;100;460
27.06;100;457
27.07;100;471
27.08;100;465
27.09;100;477
27.1;100;480
27.11;100;483
27.12;100;485
27.13;100;491
27.14;100;494
27.15;100;499
27.16;100;497
27.17;100;503
27.18;100;504
27.19;100;502
27.2;100;503
27.21;100;507
27.22;100;508
27.23;100;510
27.24;100;505
27.25;100;508
27.26;100;510
27.27;100;512
27.28;100;512
27.29;100;511
27.3;100;505
27.31;100;515
27.32;100;506
27.33;100;514
27.34;100;507
27.35;100;511
27.36;100;504
27.37;100;506
27.38;100;509
27.39;100;510
27.4;100;507
27.41;100;503
27.42;100;504
27.43;100;509
27.44;100;506
27.45;100;507
27.46;100;511
27.47;100;509
27.48;100;511
27.49;100;516
27.5;100;507
27.51;100;512
27.52;100;518
27.53;100;517
27.54;100;504
27.55;100;500
27.56;100;496
27.57;100;506
27.58;100;501
27.59;100;507
27.6;100;509
27.61;100;505
27.62;100;501
27.63;100;488
27.64;100;541
27.65;100;649
27.66;100;698
27.67;100;569
27.68;100;468
27.69;100;473
27.7;100;469
27.71;100;480
27.72;100;481
27.73;100;489
27.74;100;492
27.75;100;491
27.76;100;496
27.77;100;504
27.78;100;499
27.79;100;507
27.8;100;507
27.81;100;514
27.82;100;516
27.83;100;521
27.84;100;517
27.85;100;531
27.86;100;534
27.87;100;553
27.88;100;550
27.89;100;562
27.9;100;559
27.91;100;559
27.92;100;543
27.93;100;532
27.94;100;505
27.95;100;484
27.96;100;464
27.97;100;449
27.98;100;444
27.99;100;445
28;100;448
28.01;100;452
28.02;100;453
28.03;100;464
28.04;100;461
28.05;100;476
28.06;100;478
28.07;100;486
28.08;100;487
28.09;100;501
28.1;100;494
28.11;100;499
28.12;100;493
28.13;100;502
28.14;100;499
28.15;100;507
28.16;100;500
28.17;100;505
28.18;100;505
28.19;100;509
28.2;100;506
28.21;100;508
28.22;100;505
28.23;100;510
28.24;100;512
28.25;100;508
28.26;100;512
28.27;100;512
28.28;100;515
28.29;100;514
28.3;100;510
28.31;100;512
28.32;100;513
28.33;100;515
28.34;100;514
28.35;100;516
28.36;100;510
28.37;100;516
28.38;100;516
28.39;100;520
28.4;100;508
28.41;100;506
28.42;100;500
28.43;100;502
28.44;100;509
28.45;100;507
28.46;100;508
28.47;100;509
28.48;100;504
28.49;100;498
28.5;100;483
28.51;100;559
28.52;100;658
28.53;100;684
28.54;100;474
28.55;100;461
28.56;100;473
28.57;100;472
28.58;100;474
28.59;100;483
28.6;100;487
28.61;100;488
28.62;100;493
28.63;100;497
28.64;100;497
28.65;100;504
28.66;100;511
28.67;100;509
28.68;100;513
28.69;100;521
28.7;100;523
28.71;100;529
28.72;100;535
28.73;100;546
28.74;100;551
28.75;100;567
28.76;100;565
28.77;100;568
28.78;100;561
28.79;100;550
28.8;100;527
28.81;100;510
28.82;100;478
28.83;100;465
28.84;100;445
28.85;100;451
28.86;100;448
28.87;100;449
28.88;100;457
28.89;100;467
28.9;100;472
28.91;100;476
28.92;100;479
28.93;100;487
28.94;100;482
28.95;100;493
28.96;100;494
28.97;100;495
28.98;100;498
28.99;100;506
29;100;498
29.01;100;510
29.02;100;504
29.03;100;509
29.04;100;507
29.05;100;506
29.06;100;509
29.07;100;513
29.08;100;509
29.09;100;517
29.1;100;508
29.11;100;520
29.12;100;515
29.13;100;518
29.14;100;520
29.15;100;520
29.16;100;521
29.17;100;514
29.18;100;496
29.19;100;505
29.2;100;508
29.21;100;507
29.22;100;505
29.23;100;507
29.24;100;504
29.25;100;509
29.26;100;506
29.27;100;485
29.28;100;523
29.29;100;631
29.3;100;688
29.31;100;534
29.32;100;464
29.33;100;479
29.34;100;478
29.35;100;488
29.36;100;492
29.37;100;496
29.38;100;487
29.39;100;501
29.4;100;496
29.41;100;494
29.42;100;504
29.43;100;505
29.44;100;510
29.45;100;511
29.46;100;518
29.47;100;527
29.48;100;528
29.49;100;536
29.5;100;544
29.51;100;557
29.52;100;555
29.53;100;563
29.54;100;561
29.55;100;561
29.56;100;542
29.57;100;528
29.58;100;502
29.59;100;478
29.6;100;458
29.61;100;456
29.62;100;454
29.63;100;450
29.64;100;451
29.65;100;457
29.66;100;466
29.67;100;472
29.68;100;479
29.69;100;483
29.7;100;488
29.71;100;489
29.72;100;496
29.73;100;503
29.74;100;494
29.75;100;498
29.76;100;498
29.77;100;498
29.78;100;500
29.79;100;501
29.8;100;497
29.81;100;499
29.82;100;497
29.83;100;502
29.84;100;498
29.85;100;502
29.86;100;501
29.87;100;505
29.88;100;506
29.89;100;506
29.9;100;507
29.91;100;518
29.92;100;515
29.93;100;506
29.94;100;497
29.95;100;505
29.96;100;501
29.97;100;509
29.98;100;505
29.99;100;506
30;100;504
30.01;100;504
30.02;100;508
30.03;100;483
30.04;100;538
30.05;100;652
30.06;100;696
30.07;100;546
30.08;100;476
30.09;100;485
30.1;100;473
30.11;100;487
30.12;100;489
30.13;100;500
30.14;100;494
30.15;100;499
30.16;100;500
30.17;100;508
30.18;100;505
30.19;100;515
30.2;100;512
30.21;100;519
30.22;100;521
30.23;100;524
30.24;100;533
30.25;100;540
30.26;100;540
30.27;100;547
30.28;100;557
30.29;100;560
30.3;100;556
30.31;100;561
30.32;100;548
30.33;100;530
30.34;100;504
30.35;100;479
30.36;100;469
30.37;100;457
30.38;100;449
30.39;100;452
30.4;100;451
30.41;100;463
30.42;100;467
30.43;100;473
30.44;100;472
30.45;100;483
30.46;100;481
30.47;100;490
30.48;100;494
30.49;100;500
30.5;100;498
30.51;100;498
30.52;100;496
30.53;100;503
30.54;100;501
30.55;100;502
30.56;100;502
30.57;100;504
30.58;100;501
30.59;100;505
30.6;100;503
30.61;100;502
30.62;100;499
30.63;100;515
30.64;100;513
30.65;100;510
30.66;100;508
30.67;100;515
30.68;100;521
30.69;100;510
30.7;100;508
30.71;100;500
30.72;100;502
30.73;100;499
30.74;100;506
30.75;100;512
30.76;100;506
30.77;100;515
30.78;100;517
30.79;100;508
30.8;100;482
30.81;100;548
30.82;100;659
30.83;100;706
30.84;100;547
30.85;100;472
30.86;100;472
30.87;100;469
30.88;100;480
30.89;100;482
30.9;100;485
30.91;100;499
30.92;100;496
30.93;100;500
30.94;100;504
30.95;100;507
30.96;100;502
30.97;100;509
30.98;100;513
30.99;100;516
31;100;517
31.01;100;527
31.02;100;524
31.03;100;534
31.04;100;542
31.05;100;547
31.06;100;550
31.07;100;556
31.08;100;543
31.09;100;547
31.1;100;523
31.11;100;503
31.12;100;481
31.13;100;472
31.14;100;455
31.15;100;462
31.16;100;456
31.17;100;463
31.18;100;466
31.19;100;474
31.2;100;475
31.21;100;481
31.22;100;481
31.23;100;491
31.24;100;492
31.25;100;495
31.26;100;493
31.27;100;503
31.28;100;496
31.29;100;506
31.3;100;502
31.31;100;507
31.32;100;509
31.33;100;508
31.34;100;507
31.35;100;514
31.36;100;508
31.37;100;509
31.38;100;503
31.39;100;505
31.4;100;514
31.41;100;507
31.42;100;509
31.43;100;514
31.44;100;511
31.45;100;511
31.46;100;506
31.47;100;508
31.48;100;512
31.49;100;514
31.5;100;516
31.51;100;510
31.52;100;506
31.53;100;519
31.54;100;512
31.55;100;518
31.56;100;500
31.57;100;493
31.58;100;496
31.59;100;499
31.6;100;496
31.61;100;502
31.62;100;500
31.63;100;504
31.64;100;505
31.65;100;497
31.66;100;479
31.67;100;557
31.68;100;672
31.69;100;710
31.7;100;546
31.71;100;474
31.72;100;454
31.73;100;466
31.74;100;470
31.75;100;476
31.76;100;475
31.77;100;483
31.78;100;488
31.79;100;496
31.8;100;499
31.81;100;507
31.82;100;498
31.83;100;507
31.84;100;509
31.85;100;520
31.86;100;516
31.87;100;531
31.88;100;530
31.89;100;543
31.9;100;542
31.91;100;551
31.92;100;554
31.93;100;563
31.94;100;551
31.95;100;547
31.96;100;525
31.97;100;512
31.98;100;480
31.99;100;468
32;100;456
32.01;100;454
32.02;100;452
32.03;100;454
32.04;100;461
32.05;100;468
32.06;100;465
32.07;100;478
32.08;100;480
32.09;100;487
32.1;100;489
32.11;100;486
32.12;100;490
32.13;100;495
32.14;100;499
32.15;100;502
32.16;100;499
32.17;100;500
32.18;100;502
32.19;100;500
32.2;100;506
32.21;100;508
32.22;100;504
32.23;100;512
32.24;100;507
32.25;100;510
32.26;100;509
32.27;100;510
32.28;100;511
32.29;100;512
32.3;100;509
32.31;100;517
32.32;100;509
32.33;100;517
32.34;100;510
32.35;100;512
32.36;100;514
32.37;100;512
32.38;100;506
32.39;100;518
32.4;100;510
32.41;100;507
32.42;100;512
32.43;100;512
32.44;100;512
32.45;100;512
32.46;100;516
32.47;100;515
32.48;100;517
32.49;100;514
32.5;100;516
32.51;100;526
32.52;100;521
32.53;100;513
32.54;100;508
32.55;100;504
32.56;100;504
32.57;100;510
32.58;100;508
32.59;100;510
32.6;100;511
32.61;100;512
32.62;100;510
32.63;100;494
32.64;100;490
32.65;100;577
32.66;100;678
32.67;100;691
32.68;100;514
32.69;100;456
32.7;100;448
32.71;100;457
32.72;100;464
32.73;100;477
32.74;100;479
32.75;100;487
32.76;100;490
32.77;100;488
32.78;100;497
32.79;100;497
32.8;100;494
32.81;100;505
32.82;100;501
32.83;100;510
32.84;100;512
32.85;100;520
32.86;100;524
32.87;100;540
32.88;100;543
32.89;100;551
32.9;100;556
32.91;100;556
32.92;100;548
32.93;100;548
32.94;100;527
32.95;100;512
32.96;100;478
32.97;100;478
32.98;100;461
32.99;100;459
33;100;458
33.01;100;460
33.02;100;464
33.03;100;468
33.04;100;478
33.05;100;480
33.06;100;483
33.07;100;495
33.08;100;492
33.09;100;496
33.1;100;493
33.11;100;503
33.12;100;503
33.13;100;500
33.14;100;502
33.15;100;504
33.16;100;503
33.17;100;498
33.18;100;502
33.19;100;500
33.2;100;494
33.21;100;504
33.22;100;502
33.23;100;502
33.24;100;506
33.25;100;510
33.26;100;497
33.27;100;501
33.28;100;505
33.29;100;506
33.3;100;506
33.31;100;507
33.32;100;504
33.33;100;512
33.34;100;509
33.35;100;518
33.36;100;511
33.37;100;509
33.38;100;513
33.39;100;516
33.4;100;515
33.41;100;521
33.42;100;513
33.43;100;516
33.44;100;512
33.45;100;514
33.46;100;519
33.47;100;524
33.48;100;513
33.49;100;526
33.5;100;525
33.51;100;522
33.52;100;513
33.53;100;510
33.54;100;504
33.55;100;511
33.56;100;500
33.57;100;509
33.58;100;500
33.59;100;508
33.6;100;507
33.61;100;503
33.62;100;483
33.63;100;497
33.64;100;600
33.65;100;686
33.66;100;650
33.67;100;482
33.68;100;454
33.69;100;455
33.7;100;461
33.71;100;476
33.72;100;472
33.73;100;481
33.74;100;487
33.75;100;492
33.76;100;492
33.77;100;496
33.78;100;497
33.79;100;501
33.8;100;508
33.81;100;513
33.82;100;511
33.83;100;526
33.84;100;531
33.85;100;537
33.86;100;541
33.87;100;561
33.88;100;563
33.89;100;563
33.9;100;560
33.91;100;561
33.92;100;545
33.93;100;529
33.94;100;509
33.95;100;485
33.96;100;462
33.97;100;460
33.98;100;450
33.99;100;453
34;100;457
34.01;100;468
34.02;100;463
34.03;100;471
34.04;100;475
34.05;100;481
34.06;100;480
34.07;100;490
34.08;100;486
34.09;100;495
34.1;100;492
34.11;100;499
34.12;100;501
34.13;100;504
34.14;100;497
34.15;100;508
34.16;100;501
34.17;100;506
34.18;100;504
34.19;100;509
34.2;100;509
34.21;100;512
34.22;100;504
34.23;100;512
34.24;100;508
34.25;100;512
34.26;100;511
34.27;100;513
34.28;100;508
34.29;100;508
34.3;100;511
34.31;100;511
34.32;100;512
34.33;100;512
34.34;100;509
34.35;100;512
34.36;100;505
34.37;100;513
34.38;100;510
34.39;100;517
34.4;100;512
34.41;100;512
34.42;100;514
34.43;100;520
34.44;100;515
34.45;100;519
34.46;100;515
34.47;100;520
34.48;100;520
34.49;100;522
34.5;100;518
34.51;100;512
34.52;100;502
34.53;100;506
34.54;100;496
34.55;100;500
34.56;100;503
34.57;100;505
34.58;100;500
34.59;100;505
34.6;100;492
34.61;100;495
34.62;100;593
34.63;100;684
34.64;100;653
34.65;100;489
34.66;100;461
34.67;100;465
34.68;100;467
34.69;100;481
34.7;100;481
34.71;100;488
34.72;100;490
34.73;100;496
34.74;100;486
34.75;100;505
34.76;100;499
34.77;100;504
34.78;100;506
34.79;100;516
34.8;100;514
34.81;100;524
34.82;100;524
34.83;100;537
34.84;100;544
34.85;100;548
34.86;100;556
34.87;100;562
34.88;100;562
34.89;100;556
34.9;100;544
34.91;100;530
34.92;100;506
34.93;100;486
34.94;100;464
34.95;100;462
34.96;100;451
34.97;100;456
34.98;100;460
34.99;100;464
35;100;468
35.01;100;478
35.02;100;473
35.03;100;486
35.04;100;484
35.05;100;489
35.06;100;487
35.07;100;495
35.08;100;493
35.09;100;502
35.1;100;496
35.11;100;507
35.12;100;499
35.13;100;496
35.14;100;498
35.15;100;498
35.16;100;499
35.17;100;504
35.18;100;504
35.19;100;504
35.2;100;504
35.21;100;513
35.22;100;510
35.23;100;515
35.24;100;508
35.25;100;517
35.26;100;509
35.27;100;515
35.28;100;509
35.29;100;513
35.3;100;509
35.31;100;513
35.32;100;512
35.33;100;513
35.34;100;505
35.35;100;517
35.36;100;511
35.37;100;520
35.38;100;513
35.39;100;524
35.4;100;521
35.41;100;519
35.42;100;512
35.43;100;510
35.44;100;502
35.45;100;513
35.46;100;502
35.47;100;511
35.48;100;508
35.49;100;508
35.5;100;504
35.51;100;484
35.52;100;514
35.53;100;616
35.54;100;685
35.55;100;556
35.56;100;451
35.57;100;473
35.58;100;462
35.59;100;472
35.6;100;480
35.61;100;483
35.62;100;491
35.63;100;495
35.64;100;494
35.65;100;500
35.66;100;505
35.67;100;519
35.68;100;511
35.69;100;520
35.7;100;517
35.71;100;524
35.72;100;529
35.73;100;536
35.74;100;538
35.75;100;545
35.76;100;551
35.77;100;560
35.78;100;554
35.79;100;559
35.8;100;545
35.81;100;537
35.82;100;508
35.83;100;483
35.84;100;465
35.85;100;449
35.86;100;448
35.87;100;450
35.88;100;448
35.89;100;457
35.9;100;459
35.91;100;472
35.92;100;470
35.93;100;476
35.94;100;486
35.95;100;488
35.96;100;487
35.97;100;498
35.98;100;497
35.99;100;492
36;100;499
36.01;100;500
36.02;100;501
36.03;100;503
36.04;100;497
36.05;100;501
36.06;100;502
36.07;100;504
36.08;100;499
36.09;100;500
36.1;100;506
36.11;100;505
36.12;100;501
36.13;100;505
36.14;100;500
36.15;100;512
36.16;100;510
36.17;100;512
36.18;100;512
36.19;100;523
36.2;100;516
36.21;100;512
36.22;100;498
36.23;100;499
36.24;100;498
36.25;100;504
36.26;100;499
36.27;100;503
36.28;100;504
36.29;100;511
36.3;100;499
36.31;100;486
36.32;100;547
36.33;100;657
36.34;100;678
36.35;100;503
36.36;100;470
36.37;100;478
36.38;100;480
36.39;100;486
36.4;100;492
36.41;100;495
36.42;100;496
36.43;100;503
36.44;100;500
36.45;100;508
36.46;100;508
36.47;100;510
36.48;100;509
36.49;100;521
36.5;100;516
36.51;100;524
36.52;100;530
36.53;100;538
36.54;100;543
36.55;100;553
36.56;100;552
36.57;100;563
36.58;100;561
36.59;100;560
36.6;100;541
36.61;100;527
36.62;100;499
36.63;100;483
36.64;100;458
36.65;100;454
36.66;100;444
36.67;100;445
36.68;100;452
36.69;100;461
36.7;100;463
36.71;100;469
36.72;100;475
36.73;100;479
36.74;100;481
36.75;100;492
36.76;100;496
36.77;100;500
36.78;100;500
36.79;100;506
36.8;100;503
36.81;100;504
36.82;100;503
36.83;100;508
36.84;100;503
36.85;100;508
36.86;100;500
36.87;100;512
36.88;100;503
36.89;100;509
36.9;100;504
36.91;100;514
36.92;100;505
36.93;100;521
36.94;100;513
36.95;100;518
36.96;100;520
36.97;100;515
36.98;100;512
36.99;100;510
37;100;505
37.01;100;509
37.02;100;509
37.03;100;508
37.04;100;505
37.05;100;513
37.06;100;509
37.07;100;512
37.08;100;485
37.09;100;519
37.1;100;619
37.11;100;700
37.12;100;595
37.13;100;474
37.14;100;474
37.15;100;471
37.16;100;473
37.17;100;490
37.18;100;491
37.19;100;495
37.2;100;502
37.21;100;504
37.22;100;508
37.23;100;509
37.24;100;512
37.25;100;516
37.26;100;519
37.27;100;525
37.28;100;527
37.29;100;534
37.3;100;536
37.31;100;548
37.32;100;551
37.33;100;562
37.34;100;559
37.35;100;560
37.36;100;563
37.37;100;552
37.38;100;536
37.39;100;515
37.4;100;483
37.41;100;464
37.42;100;450
37.43;100;449
37.44;100;446
37.45;100;454
37.46;100;455
37.47;100;463
37.48;100;463
37.49;100;478
37.5;100;473
37.51;100;486
37.52;100;486
37.53;100;497
37.54;100;496
37.55;100;501
37.56;100;500
37.57;100;507
37.58;100;508
37.59;100;510
37.6;100;503
37.61;100;509
37.62;100;505
37.63;100;513
37.64;100;508
37.65;100;515
37.66;100;513
37.67;100;516
37.68;100;511
37.69;100;517
37.7;100;514
37.71;100;511
37.72;100;512
37.73;100;521
37.74;100;512
37.75;100;514
37.76;100;524
37.77;100;524
37.78;100;513
37.79;100;511
37.8;100;505
37.81;100;507
37.82;100;510
37.83;100;512
37.84;100;507
37.85;100;512
37.86;100;506
37.87;100;506
37.88;100;477
37.89;100;505
37.9;100;608
37.91;100;694
37.92;100;636
37.93;100;484
37.94;100;454
37.95;100;464
37.96;100;464
37.97;100;471
37.98;100;480
37.99;100;485
38;100;481
38.01;100;492
38.02;100;494
38.03;100;497
38.04;100;493
38.05;100;505
38.06;100;507
38.07;100;512
38.08;100;513
38.09;100;522
38.1;100;525
38.11;100;530
38.12;100;536
38.13;100;553
38.14;100;553
38.15;100;564
38.16;100;557
38.17;100;555
38.18;100;536
38.19;100;522
38.2;100;492
38.21;100;479
38.22;100;461
38.23;100;464
38.24;100;459
38.25;100;460
38.26;100;466
38.27;100;472
38.28;100;475
38.29;100;478
38.3;100;472
38.31;100;485
38.32;100;484
38.33;100;495
38.34;100;493
38.35;100;499
38.36;100;498
38.37;100;503
38.38;100;498
38.39;100;503
38.4;100;509
38.41;100;511
38.42;100;504
38.43;100;508
38.44;100;501
38.45;100;511
38.46;100;507
38.47;100;512
38.48;100;509
38.49;100;515
38.5;100;511
38.51;100;511
38.52;100;507
38.53;100;513
38.54;100;510
38.55;100;512
38.56;100;515
38.57;100;514
38.58;100;507
38.59;100;519
38.6;100;513
38.61;100;516
38.62;100;499
38.63;100;499
38.64;100;497
38.65;100;503
38.66;100;495
38.67;100;503
38.68;100;505
38.69;100;507
38.7;100;501
38.71;100;500
38.72;100;483
38.73;100;564
38.74;100;672
38.75;100;703
38.76;100;524
38.77;100;457
38.78;100;450
38.79;100;457
38.8;100;463
38.81;100;476
38.82;100;475
38.83;100;483
38.84;100;480
38.85;100;490
38.86;100;490
38.87;100;492
38.88;100;495
38.89;100;500
38.9;100;506
38.91;100;513
38.92;100;508
38.93;100;526
38.94;100;529
38.95;100;541
38.96;100;552
38.97;100;560
38.98;100;561
38.99;100;564
39;100;559
39.01;100;547
39.02;100;528
39.03;100;506
39.04;100;485
39.05;100;468
39.06;100;458
39.07;100;453
39.08;100;452
39.09;100;454
39.1;100;458
39.11;100;463
39.12;100;463
39.13;100;477
39.14;100;475
39.15;100;489
39.16;100;481
39.17;100;499
39.18;100;488
39.19;100;501
39.2;100;496
39.21;100;503
39.22;100;500
39.23;100;512
39.24;100;507
39.25;100;508
39.26;100;508
39.27;100;511
39.28;100;503
39.29;100;509
39.3;100;510
39.31;100;512
39.32;100;510
39.33;100;509
39.34;100;508
39.35;100;513
39.36;100;504
39.37;100;512
39.38;100;511
39.39;100;514
39.4;100;503
39.41;100;516
39.42;100;514
39.43;100;512
39.44;100;504
39.45;100;515
39.46;100;515
39.47;100;514
39.48;100;505
39.49;100;500
39.5;100;494
39.51;100;502
39.52;100;502
39.53;100;502
39.54;100;503
39.55;100;509
39.56;100;505
39.57;100;504
39.58;100;486
39.59;100;512
39.6;100;609
39.61;100;693
39.62;100;656
39.63;100;489
39.64;100;464
39.65;100;462
39.66;100;473
39.67;100;479
39.68;100;477
39.69;100;487
39.7;100;484
39.71;100;499
39.72;100;493
39.73;100;500
39.74;100;496
39.75;100;504
39.76;100;504
39.77;100;514
39.78;100;511
39.79;100;517
39.8;100;526
39.81;100;536
39.82;100;539
39.83;100;553
39.84;100;552
39.85;100;556
39.86;100;553
39.87;100;548
39.88;100;530
39.89;100;511
39.9;100;492
39.91;100;469
39.92;100;456
39.93;100;450
39.94;100;450
39.95;100;450
39.96;100;459
39.97;100;464
39.98;100;463
39.99;100;472
