time;SamplingFrequency;ECG;Pulse
0;100;526;508
0.01;100;514;513
0.02;100;528;517
0.03;100;520;518
0.04;100;540;523
0.05;100;530;525
0.06;100;558;526
0.07;100;532;528
0.08;100;533;525
0.09;100;520;524
0.1;100;526;524
0.11;100;519;522
0.12;100;522;519
0.13;100;517;518
0.14;100;523;516
0.15;100;521;515
0.16;100;498;511
0.17;100;496;512
0.18;100;614;510
0.19;100;769;508
0.2;100;747;507
0.21;100;503;505
0.22;100;460;507
0.23;100;453;507
0.24;100;459;509
0.25;100;460;507
0.26;100;470;510
0.27;100;478;508
0.28;100;485;509
0.29;100;486;511
0.3;100;503;512
0.31;100;490;512
0.32;100;497;515
0.33;100;502;517
0.34;100;512;515
0.35;100;510;518
0.36;100;533;517
0.37;100;526;514
0.38;100;536;514
0.39;100;540;515
0.4;100;555;515
0.41;100;559;516
0.42;100;566;521
0.43;100;550;524
0.44;100;541;527
0.45;100;510;531
0.46;100;501;536
0.47;100;470;543
0.48;100;477;544
0.49;100;464;548
0.5;100;472;547
0.51;100;466;547
0.52;100;476;543
0.53;100;466;539
0.54;100;468;534
0.55;100;485;528
0.56;100;474;521
0.57;100;473;516
0.58;100;485;513
0.59;100;476;510
0.6;100;485;506
0.61;100;483;503
0.62;100;487;499
0.63;100;482;498
0.64;100;492;498
0.65;100;482;499
0.66;100;500;501
0.67;100;498;504
0.68;100;507;503
0.69;100;496;507
0.7;100;504;510
0.71;100;497;512
0.72;100;497;512
0.73;100;511;515
0.74;100;511;519
0.75;100;505;519
0.76;100;511;519
0.77;100;506;519
0.78;100;509;519
0.79;100;507;518
0.8;100;524;518
0.81;100;506;519
0.82;100;512;519
0.83;100;515;516
0.84;100;514;513
0.85;100;504;514
0.86;100;499;511
0.87;100;498;513
0.88;100;496;513
0.89;100;492;512
0.9;100;506;512
0.91;100;491;511
0.92;100;506;513
0.93;100;479;509
0.94;100;471;511
0.95;100;532;511
0.96;100;699;509
0.97;100;790;511
0.98;100;534;512
0.99;100;454;510
1;100;441;511
1.01;100;437;513
1.02;100;452;513
1.03;100;445;511
1.04;100;466;512
1.05;100;453;510
1.06;100;480;513
1.07;100;466;511
1.08;100;481;513
1.09;100;473;514
1.1;100;492;513
1.11;100;491;514
1.12;100;499;514
1.13;100;516;516
1.14;100;524;517
1.15;100;525;516
1.16;100;540;517
1.17;100;546;515
1.18;100;559;517
1.19;100;558;520
1.2;100;556;519
1.21;100;541;524
1.22;100;527;532
1.23;100;497;534
1.24;100;481;541
1.25;100;464;543
1.26;100;467;545
1.27;100;454;544
1.28;100;456;543
1.29;100;461;543
1.3;100;466;539
1.31;100;466;537
1.32;100;463;531
1.33;100;467;524
1.34;100;478;522
1.35;100;459;515
1.36;100;470;512
1.37;100;477;504
1.38;100;488;504
1.39;100;476;499
1.4;100;491;501
1.41;100;484;498
1.42;100;491;502
1.43;100;487;499
1.44;100;494;504
1.45;100;491;505
1.46;100;505;507
1.47;100;504;508
1.48;100;512;511
1.49;100;497;510
1.5;100;510;515
1.51;100;504;515
1.52;100;514;515
1.53;100;513;515
1.54;100;512;520
1.55;100;508;519
1.56;100;513;518
1.57;100;510;517
1.58;100;514;515
1.59;100;509;513
1.6;100;513;512
1.61;100;518;513
1.62;100;518;511
1.63;100;513;513
1.64;100;509;511
1.65;100;493;510
1.66;100;503;514
1.67;100;502;512
1.68;100;504;511
1.69;100;505;510
1.7;100;514;512
1.71;100;501;509
1.72;100;496;510
1.73;100;472;510
1.74;100;558;511
1.75;100;698;508
1.76;100;770;508
1.77;100;510;512
1.78;100;471;510
1.79;100;454;512
1.8;100;464;510
1.81;100;466;511
1.82;100;477;512
1.83;100;480;513
1.84;100;491;511
1.85;100;484;510
1.86;100;501;513
1.87;100;495;514
1.88;100;503;516
1.89;100;506;516
1.9;100;518;513
1.91;100;512;513
1.92;100;526;514
1.93;100;532;515
1.94;100;541;516
1.95;100;545;513
1.96;100;557;515
1.97;100;563;518
1.98;100;569;518
1.99;100;552;523
2;100;555;524
2.01;100;525;526
2.02;100;503;534
2.03;100;477;534
2.04;100;471;538
2.05;100;456;540
2.06;100;459;544
2.07;100;456;541
2.08;100;464;540
2.09;100;463;540
2.1;100;479;537
2.11;100;473;530
2.12;100;480;527
2.13;100;465;520
2.14;100;473;515
2.15;100;471;508
2.16;100;480;503
2.17;100;475;500
2.18;100;482;502
2.19;100;484;498
2.2;100;488;500
2.21;100;481;499
2.22;100;494;502
2.23;100;495;500
2.24;100;505;504
2.25;100;496;504
2.26;100;505;507
2.27;100;500;506
2.28;100;512;512
2.29;100;502;511
2.3;100;511;514
2.31;100;511;519
2.32;100;515;518
2.33;100;508;519
2.34;100;518;523
2.35;100;515;520
2.36;100;513;521
2.37;100;504;518
2.38;100;518;519
2.39;100;519;515
2.4;100;522;514
2.41;100;519;513
2.42;100;525;515
2.43;100;503;511
2.44;100;508;512
2.45;100;504;510
2.46;100;508;509
2.47;100;507;510
2.48;100;516;508
2.49;100;510;508
2.5;100;515;507
2.51;100;479;507
2.52;100;497;510
2.53;100;617;510
2.54;100;763;511
2.55;100;680;509
2.56;100;473;512
2.57;100;464;514
2.58;100;462;516
2.59;100;465;515
2.6;100;482;518
2.61;100;474;519
2.62;100;486;518
2.63;100;481;520
2.64;100;499;517
2.65;100;488;515
2.66;100;489;518
2.67;100;496;516
2.68;100;497;514
2.69;100;500;513
2.7;100;508;512
2.71;100;512;515
2.72;100;530;511
2.73;100;533;512
2.74;100;549;513
2.75;100;551;512
2.76;100;565;514
2.77;100;560;514
2.78;100;551;519
2.79;100;534;522
2.8;100;519;528
2.81;100;489;529
2.82;100;485;537
2.83;100;463;539
2.84;100;468;544
2.85;100;460;543
2.86;100;459;547
2.87;100;459;544
2.88;100;467;540
2.89;100;470;540
2.9;100;475;533
2.91;100;472;528
2.92;100;479;525
2.93;100;473;521
2.94;100;486;514
2.95;100;479;512
2.96;100;483;505
2.97;100;478;501
2.98;100;491;501
2.99;100;484;497
3;100;495;499
3.01;100;489;496
3.02;100;499;498
3.03;100;495;503
3.04;100;504;502
3.05;100;499;506
3.06;100;505;510
3.07;100;507;510
3.08;100;513;513
3.09;100;508;514
3.1;100;518;518
3.11;100;517;519
3.12;100;518;521
3.13;100;510;520
3.14;100;519;522
3.15;100;511;519
3.16;100;522;521
3.17;100;512;519
3.18;100;520;516
3.19;100;520;515
3.2;100;523;513
3.21;100;519;514
3.22;100;514;514
3.23;100;508;512
3.24;100;507;514
3.25;100;503;509
3.26;100;512;511
3.27;100;507;508
3.28;100;516;510
3.29;100;502;508
3.3;100;482;509
3.31;100;521;512
3.32;100;656;511
3.33;100;780;509
3.34;100;644;511
3.35;100;470;509
3.36;100;460;510
3.37;100;447;513
3.38;100;460;513
3.39;100;472;513
3.4;100;482;513
3.41;100;480;511
3.42;100;488;510
3.43;100;484;511
3.44;100;500;510
3.45;100;496;510
3.46;100;507;511
3.47;100;499;510
3.48;100;513;511
3.49;100;512;509
3.5;100;527;512
3.51;100;529;509
3.52;100;550;512
3.53;100;546;511
3.54;100;562;512
3.55;100;559;516
3.56;100;564;519
3.57;100;551;522
3.58;100;543;526
3.59;100;519;530
3.6;100;496;534
3.61;100;477;540
3.62;100;467;546
3.63;100;464;548
3.64;100;467;547
3.65;100;460;547
3.66;100;466;544
3.67;100;478;542
3.68;100;477;537
3.69;100;473;534
3.7;100;480;527
3.71;100;475;521
3.72;100;483;514
3.73;100;486;509
3.74;100;489;507
3.75;100;483;502
3.76;100;486;502
3.77;100;487;497
3.78;100;495;498
3.79;100;490;496
3.8;100;499;499
3.81;100;492;499
3.82;100;505;500
3.83;100;497;502
3.84;100;506;505
3.85;100;502;508
3.86;100;513;512
3.87;100;509;513
3.88;100;517;518
3.89;100;505;519
3.9;100;508;521
3.91;100;511;523
3.92;100;514;521
3.93;100;514;521
3.94;100;516;522
3.95;100;517;520
3.96;100;534;521
3.97;100;521;517
3.98;100;520;517
3.99;100;507;513
4;100;508;513
4.01;100;504;513
4.02;100;512;512
4.03;100;497;510
4.04;100;515;510
4.05;100;504;509
4.06;100;508;510
4.07;100;481;510
4.08;100;507;512
4.09;100;624;511
4.1;100;768;511
4.11;100;685;511
4.12;100;483;511
4.13;100;454;512
4.14;100;453;511
4.15;100;461;511
4.16;100;466;510
4.17;100;468;508
4.18;100;479;508
4.19;100;480;510
4.2;100;490;510
4.21;100;491;511
4.22;100;499;511
4.23;100;496;511
4.24;100;506;511
4.25;100;508;513
4.26;100;516;513
4.27;100;519;515
4.28;100;539;513
4.29;100;535;513
4.3;100;547;515
4.31;100;563;515
4.32;100;567;515
4.33;100;558;517
4.34;100;556;520
4.35;100;543;523
4.36;100;529;528
4.37;100;489;533
4.38;100;481;537
4.39;100;469;543
4.4;100;467;543
4.41;100;463;546
4.42;100;472;544
4.43;100;466;542
4.44;100;481;541
4.45;100;476;537
4.46;100;484;531
4.47;100;481;526
4.48;100;486;522
4.49;100;486;517
4.5;100;487;514
4.51;100;491;509
4.52;100;491;507
4.53;100;489;504
4.54;100;493;500
4.55;100;492;500
4.56;100;497;497
4.57;100;490;497
4.58;100;507;498
4.59;100;495;499
4.6;100;505;501
4.61;100;496;504
4.62;100;513;507
4.63;100;511;510
4.64;100;516;512
4.65;100;506;515
4.66;100;516;518
4.67;100;512;520
4.68;100;519;521
4.69;100;522;521
4.7;100;535;522
4.71;100;519;522
4.72;100;512;522
4.73;100;497;521
4.74;100;517;523
4.75;100;510;521
4.76;100;505;519
4.77;100;507;518
4.78;100;511;515
4.79;100;504;516
4.8;100;493;512
4.81;100;487;512
4.82;100;581;510
4.83;100;716;508
4.84;100;734;508
4.85;100;472;506
4.86;100;459;507
4.87;100;455;507
4.88;100;468;508
4.89;100;472;508
4.9;100;484;508
4.91;100;486;510
4.92;100;497;512
4.93;100;490;511
4.94;100;503;512
4.95;100;505;513
4.96;100;510;512
4.97;100;512;513
4.98;100;518;514
4.99;100;517;514
5;100;524;513
5.01;100;532;513
5.02;100;542;513
5.03;100;553;512
5.04;100;573;512
5.05;100;568;512
5.06;100;571;515
5.07;100;556;519
5.08;100;554;521
5.09;100;523;525
5.1;100;500;529
5.11;100;480;533
5.12;100;474;536
5.13;100;461;542
5.14;100;458;543
5.15;100;460;545
5.16;100;472;543
5.17;100;465;541
5.18;100;472;540
5.19;100;479;535
5.2;100;489;529
5.21;100;477;525
5.22;100;490;515
5.23;100;481;512
5.24;100;487;506
5.25;100;484;503
5.26;100;489;498
5.27;100;484;495
5.28;100;488;494
5.29;100;491;497
5.3;100;499;498
5.31;100;491;498
5.32;100;501;500
5.33;100;498;503
5.34;100;496;503
5.35;100;499;508
5.36;100;515;511
5.37;100;511;514
5.38;100;515;517
5.39;100;520;520
5.4;100;527;523
5.41;100;526;527
5.42;100;516;527
5.43;100;508;527
5.44;100;515;525
5.45;100;504;526
5.46;100;508;523
5.47;100;502;521
5.48;100;514;518
5.49;100;510;515
5.5;100;506;513
5.51;100;464;511
5.52;100;504;511
5.53;100;627;509
5.54;100;771;508
5.55;100;635;506
5.56;100;471;506
5.57;100;455;506
5.58;100;461;508
5.59;100;462;508
5.6;100;467;507
5.61;100;471;508
5.62;100;486;510
5.63;100;486;511
5.64;100;489;512
5.65;100;485;511
5.66;100;503;512
5.67;100;497;512
5.68;100;512;513
5.69;100;512;512
5.7;100;522;513
5.71;100;523;511
5.72;100;540;512
5.73;100;537;510
5.74;100;551;509
5.75;100;554;509
5.76;100;565;513
5.77;100;567;515
5.78;100;552;519
5.79;100;538;524
5.8;100;513;529
5.81;100;496;537
5.82;100;483;541
5.83;100;472;545
5.84;100;474;548
5.85;100;460;548
5.86;100;473;548
5.87;100;472;548
5.88;100;472;543
5.89;100;481;538
5.9;100;482;531
5.91;100;480;525
5.92;100;486;519
5.93;100;482;515
5.94;100;489;511
5.95;100;481;505
5.96;100;487;501
5.97;100;481;496
5.98;100;493;494
5.99;100;489;495
6;100;492;495
6.01;100;489;495
6.02;100;502;496
6.03;100;501;499
6.04;100;504;503
6.05;100;504;505
6.06;100;509;507
6.07;100;511;510
6.08;100;513;513
6.09;100;514;517
6.1;100;532;519
6.11;100;518;522
6.12;100;529;523
6.13;100;503;523
6.14;100;509;521
6.15;100;505;521
6.16;100;511;522
6.17;100;499;518
6.18;100;511;517
6.19;100;510;517
6.2;100;510;515
6.21;100;490;513
6.22;100;484;511
6.23;100;566;510
6.24;100;736;510
6.25;100;770;510
6.26;100;513;511
6.27;100;451;509
6.28;100;449;511
6.29;100;446;510
6.3;100;459;511
6.31;100;460;510
6.32;100;477;511
6.33;100;479;510
6.34;100;488;509
6.35;100;488;511
6.36;100;490;512
6.37;100;495;513
6.38;100;507;512
6.39;100;507;512
6.4;100;512;513
6.41;100;520;515
6.42;100;528;515
6.43;100;534;514
6.44;100;548;513
6.45;100;551;516
6.46;100;566;517
6.47;100;555;519
6.48;100;562;523
6.49;100;539;526
6.5;100;527;530
6.51;100;498;535
6.52;100;483;538
6.53;100;459;542
6.54;100;465;544
6.55;100;457;544
6.56;100;460;543
6.57;100;465;542
6.58;100;474;540
6.59;100;465;535
6.6;100;476;530
6.61;100;472;524
6.62;100;479;520
6.63;100;478;517
6.64;100;490;512
6.65;100;485;507
6.66;100;495;503
6.67;100;483;501
6.68;100;489;499
6.69;100;483;499
6.7;100;497;499
6.71;100;496;501
6.72;100;504;503
6.73;100;500;505
6.74;100;503;506
6.75;100;498;510
6.76;100;512;512
6.77;100;503;513
6.78;100;512;514
6.79;100;504;516
6.8;100;513;518
6.81;100;513;519
6.82;100;520;518
6.83;100;524;519
6.84;100;522;518
6.85;100;515;517
6.86;100;510;517
6.87;100;498;516
6.88;100;508;515
6.89;100;506;513
6.9;100;512;512
6.91;100;508;511
6.92;100;510;507
6.93;100;509;507
6.94;100;497;509
6.95;100;478;507
6.96;100;574;507
6.97;100;729;507
6.98;100;777;506
6.99;100;511;506
7;100;468;508
7.01;100;456;507
7.02;100;465;507
7.03;100;465;507
7.04;100;477;509
7.05;100;478;513
7.06;100;487;513
7.07;100;484;513
7.08;100;497;512
7.09;100;492;513
7.1;100;501;515
7.11;100;506;514
7.12;100;514;513
7.13;100;508;512
7.14;100;523;512
7.15;100;527;513
7.16;100;543;512
7.17;100;543;512
7.18;100;559;513
7.19;100;558;515
7.2;100;563;519
7.21;100;553;524
7.22;100;550;529
7.23;100;521;534
7.24;100;500;538
7.25;100;482;543
7.26;100;471;545
7.27;100;459;547
7.28;100;462;548
7.29;100;463;547
7.3;100;464;542
7.31;100;463;537
7.32;100;466;531
7.33;100;470;526
7.34;100;481;520
7.35;100;477;515
7.36;100;489;511
7.37;100;477;508
7.38;100;485;503
7.39;100;485;502
7.4;100;491;498
7.41;100;490;497
7.42;100;495;496
7.43;100;485;497
7.44;100;504;498
7.45;100;497;500
7.46;100;505;502
7.47;100;497;505
7.48;100;508;507
7.49;100;504;511
7.5;100;511;513
7.51;100;510;515
7.52;100;519;519
7.53;100;511;521
7.54;100;519;523
7.55;100;511;524
7.56;100;517;523
7.57;100;507;522
7.58;100;521;521
7.59;100;524;522
7.6;100;529;520
7.61;100;514;518
7.62;100;512;514
7.63;100;498;513
7.64;100;513;512
7.65;100;499;510
7.66;100;507;509
7.67;100;504;508
7.68;100;507;509
7.69;100;501;508
7.7;100;485;508
7.71;100;502;509
7.72;100;631;509
7.73;100;760;510
7.74;100;663;508
7.75;100;472;509
7.76;100;462;509
7.77;100;448;510
7.78;100;472;510
7.79;100;464;511
7.8;100;480;511
7.81;100;480;512
7.82;100;494;512
7.83;100;490;514
7.84;100;499;513
7.85;100;497;513
7.86;100;507;513
7.87;100;504;512
7.88;100;518;512
7.89;100;514;512
7.9;100;532;512
7.91;100;535;510
7.92;100;533;513
7.93;100;543;511
7.94;100;554;510
7.95;100;552;513
7.96;100;560;519
7.97;100;547;523
7.98;100;537;527
7.99;100;511;534
8;100;499;537
8.01;100;472;544
8.02;100;470;547
8.03;100;451;547
8.04;100;461;549
8.05;100;463;546
8.06;100;463;542
8.07;100;467;536
8.08;100;475;532
8.09;100;468;525
8.1;100;470;518
8.11;100;474;513
8.12;100;482;509
8.13;100;473;504
8.14;100;484;500
8.15;100;486;498
8.16;100;489;497
8.17;100;484;496
8.18;100;491;497
8.19;100;493;497
8.2;100;503;498
8.21;100;491;502
8.22;100;504;502
8.23;100;504;506
8.24;100;511;508
8.25;100;513;512
8.26;100;515;514
8.27;100;514;516
8.28;100;512;519
8.29;100;507;520
8.3;100;524;521
8.31;100;512;522
8.32;100;523;520
8.33;100;522;520
8.34;100;530;520
8.35;100;515;518
8.36;100;512;518
8.37;100;506;517
8.38;100;509;514
8.39;100;502;512
8.4;100;507;512
8.41;100;507;509
8.42;100;511;510
8.43;100;501;508
8.44;100;508;508
8.45;100;474;506
8.46;100;556;508
8.47;100;688;507
8.48;100;773;509
8.49;100;521;510
8.5;100;466;510
8.51;100;454;510
8.52;100;467;510
8.53;100;462;511
8.54;100;482;513
8.55;100;479;513
8.56;100;489;514
8.57;100;492;513
8.58;100;492;513
8.59;100;499;513
8.6;100;506;514
8.61;100;501;515
8.62;100;513;515
8.63;100;515;515
8.64;100;529;515
8.65;100;547;515
8.66;100;568;516
8.67;100;570;517
8.68;100;587;517
8.69;100;581;516
8.7;100;590;518
8.71;100;576;520
8.72;100;565;525
8.73;100;540;527
8.74;100;521;531
8.75;100;485;535
8.76;100;479;538
8.77;100;465;541
8.78;100;463;542
8.79;100;458;541
8.8;100;468;540
8.81;100;464;539
8.82;100;478;533
8.83;100;470;529
8.84;100;484;527
8.85;100;476;521
8.86;100;484;516
8.87;100;481;511
8.88;100;488;508
8.89;100;489;506
8.9;100;495;502
8.91;100;492;501
8.92;100;494;501
8.93;100;495;500
8.94;100;493;500
8.95;100;492;502
8.96;100;501;503
8.97;100;496;505
8.98;100;503;508
8.99;100;500;511
9;100;513;514
9.01;100;498;515
9.02;100;510;516
9.03;100;500;516
9.04;100;514;518
9.05;100;507;517
9.06;100;512;519
9.07;100;501;518
9.08;100;508;518
9.09;100;504;518
9.1;100;522;517
9.11;100;519;516
9.12;100;515;516
9.13;100;512;515
9.14;100;508;515
9.15;100;501;512
9.16;100;510;512
9.17;100;496;511
9.18;100;509;509
9.19;100;499;509
9.2;100;508;507
9.21;100;502;507
9.22;100;481;507
9.23;100;496;507
9.24;100;622;506
9.25;100;759;506
9.26;100;707;508
9.27;100;483;510
9.28;100;456;509
9.29;100;450;513
9.3;100;465;514
9.31;100;461;513
9.32;100;476;514
9.33;100;474;515
9.34;100;483;514
9.35;100;488;515
9.36;100;498;515
9.37;100;490;514
9.38;100;501;512
9.39;100;504;512
9.4;100;509;513
9.41;100;509;514
9.42;100;525;513
9.43;100;524;512
9.44;100;542;513
9.45;100;550;513
9.46;100;558;515
9.47;100;563;516
9.48;100;576;520
9.49;100;555;523
9.5;100;547;526
9.51;100;512;530
9.52;100;495;536
9.53;100;474;540
9.54;100;464;542
9.55;100;459;543
9.56;100;464;544
9.57;100;457;542
9.58;100;462;540
9.59;100;460;535
9.6;100;471;529
9.61;100;472;526
9.62;100;479;519
9.63;100;471;513
9.64;100;487;510
9.65;100;488;508
9.66;100;494;503
9.67;100;486;500
9.68;100;492;500
9.69;100;490;499
9.7;100;499;498
9.71;100;494;499
9.72;100;499;501
9.73;100;496;502
9.74;100;506;504
9.75;100;502;507
9.76;100;506;510
9.77;100;505;513
9.78;100;508;517
9.79;100;510;519
9.8;100;512;523
9.81;100;505;522
9.82;100;514;521
9.83;100;511;521
9.84;100;510;521
9.85;100;513;520
9.86;100;511;519
9.87;100;507;519
9.88;100;506;518
9.89;100;511;516
9.9;100;517;514
9.91;100;518;514
9.92;100;522;511
9.93;100;516;509
9.94;100;512;509
9.95;100;503;507
9.96;100;502;506
9.97;100;491;507
9.98;100;500;508
9.99;100;496;506
10;100;499;506
10.01;100;501;507
10.02;100;493;506
10.03;100;480;508
10.04;100;570;509
10.05;100;721;511
10.06;100;788;513
10.07;100;527;512
10.08;100;470;514
10.09;100;445;513
10.1;100;464;515
10.11;100;460;515
10.12;100;471;513
10.13;100;472;513
10.14;100;481;515
10.15;100;480;512
10.16;100;488;511
10.17;100;490;512
10.18;100;504;514
10.19;100;496;512
10.2;100;508;513
10.21;100;512;513
10.22;100;516;512
10.23;100;523;512
10.24;100;542;511
10.25;100;542;511
10.26;100;557;513
10.27;100;563;514
10.28;100;567;516
10.29;100;551;522
10.3;100;549;525
10.31;100;531;529
10.32;100;508;533
10.33;100;481;537
10.34;100;464;541
10.35;100;461;544
10.36;100;464;546
10.37;100;455;543
10.38;100;462;541
10.39;100;464;538
10.4;100;476;535
10.41;100;464;530
10.42;100;480;526
10.43;100;473;523
10.44;100;478;516
10.45;100;486;513
10.46;100;483;508
10.47;100;482;503
10.48;100;497;502
10.49;100;487;500
10.5;100;497;499
10.51;100;489;499
10.52;100;499;501
10.53;100;495;502
10.54;100;504;502
10.55;100;500;504
10.56;100;504;508
10.57;100;497;509
10.58;100;510;513
10.59;100;510;515
10.6;100;511;516
10.61;100;508;517
10.62;100;516;517
10.63;100;512;520
10.64;100;518;519
10.65;100;518;521
10.66;100;519;520
10.67;100;507;520
10.68;100;512;518
10.69;100;508;516
10.7;100;525;515
10.71;100;518;514
10.72;100;525;511
10.73;100;511;509
10.74;100;507;509
10.75;100;501;509
10.76;100;506;507
10.77;100;501;506
10.78;100;508;507
10.79;100;504;508
10.8;100;512;508
10.81;100;502;510
10.82;100;483;511
10.83;100;510;510
10.84;100;640;511
10.85;100;759;510
10.86;100;661;510
10.87;100;468;512
10.88;100;465;513
10.89;100;459;513
10.9;100;475;514
10.91;100;470;514
10.92;100;488;513
10.93;100;483;513
10.94;100;487;512
10.95;100;488;515
10.96;100;492;513
10.97;100;492;515
10.98;100;504;514
10.99;100;506;512
11;100;516;512
11.01;100;512;512
11.02;100;527;513
11.03;100;523;513
11.04;100;545;512
11.05;100;551;512
11.06;100;566;514
11.07;100;558;513
11.08;100;573;516
11.09;100;558;520
11.1;100;550;524
11.11;100;516;529
11.12;100;497;532
11.13;100;474;536
11.14;100;463;539
11.15;100;454;541
11.16;100;455;541
11.17;100;454;542
11.18;100;461;540
11.19;100;462;536
11.2;100;472;534
11.21;100;467;528
11.22;100;478;526
11.23;100;475;520
11.24;100;488;515
11.25;100;485;513
11.26;100;486;508
11.27;100;479;504
11.28;100;488;501
11.29;100;487;500
11.3;100;492;498
11.31;100;492;498
11.32;100;492;499
11.33;100;491;500
11.34;100;509;503
11.35;100;494;506
11.36;100;502;507
11.37;100;506;510
11.38;100;516;514
11.39;100;511;515
11.4;100;513;516
11.41;100;506;519
11.42;100;512;519
11.43;100;510;520
11.44;100;517;519
11.45;100;516;519
11.46;100;529;518
11.47;100;517;518
11.48;100;522;518
11.49;100;505;517
11.5;100;506;517
11.51;100;501;514
11.52;100;510;513
11.53;100;506;512
11.54;100;507;512
11.55;100;506;510
11.56;100;511;509
11.57;100;493;509
11.58;100;494;509
11.59;100;578;511
11.6;100;733;510
11.61;100;729;510
11.62;100;494;510
11.63;100;460;508
11.64;100;454;510
11.65;100;454;510
11.66;100;476;511
11.67;100;475;511
11.68;100;484;513
11.69;100;477;512
11.7;100;495;513
11.71;100;493;515
11.72;100;504;514
11.73;100;498;515
11.74;100;514;515
11.75;100;510;513
11.76;100;524;514
11.77;100;523;514
11.78;100;542;512
11.79;100;543;513
11.8;100;553;513
11.81;100;564;513
11.82;100;564;515
11.83;100;563;515
11.84;100;568;520
11.85;100;548;522
11.86;100;537;527
11.87;100;500;534
11.88;100;484;536
11.89;100;463;539
11.9;100;464;542
11.91;100;450;543
11.92;100;460;543
11.93;100;456;544
11.94;100;469;537
11.95;100;472;533
11.96;100;473;526
11.97;100;477;522
11.98;100;485;518
11.99;100;480;513
12;100;491;511
12.01;100;487;508
12.02;100;490;505
12.03;100;485;504
12.04;100;498;502
12.05;100;492;502
12.06;100;502;502
12.07;100;499;500
12.08;100;499;501
12.09;100;499;504
12.1;100;502;507
12.11;100;497;508
12.12;100;510;509
12.13;100;507;510
12.14;100;514;510
12.15;100;511;513
12.16;100;519;514
12.17;100;515;516
12.18;100;517;519
12.19;100;511;519
12.2;100;516;519
12.21;100;514;520
12.22;100;530;522
12.23;100;528;519
12.24;100;521;518
12.25;100;514;516
12.26;100;520;515
12.27;100;512;515
12.28;100;516;514
12.29;100;513;514
12.3;100;513;513
12.31;100;505;510
12.32;100;508;511
12.33;100;467;510
12.34;100;531;511
12.35;100;672;510
12.36;100;798;510
12.37;100;597;509
12.38;100;471;509
12.39;100;444;509
12.4;100;453;510
12.41;100;457;513
12.42;100;469;510
12.43;100;465;511
12.44;100;483;511
12.45;100;479;513
12.46;100;493;513
12.47;100;488;513
12.48;100;499;515
12.49;100;496;516
12.5;100;505;515
12.51;100;505;514
12.52;100;515;513
12.53;100;507;514
12.54;100;530;513
12.55;100;536;512
12.56;100;551;513
12.57;100;547;514
12.58;100;561;515
12.59;100;553;519
12.6;100;551;522
12.61;100;530;525
12.62;100;510;528
12.63;100;479;532
12.64;100;473;539
12.65;100;451;542
12.66;100;462;543
12.67;100;451;543
12.68;100;459;542
12.69;100;458;540
12.7;100;471;539
12.71;100;464;534
12.72;100;471;530
12.73;100;478;524
12.74;100;487;517
12.75;100;476;513
12.76;100;483;510
12.77;100;483;508
12.78;100;494;506
12.79;100;490;503
12.8;100;496;502
12.81;100;489;501
12.82;100;502;502
12.83;100;499;505
12.84;100;503;504
12.85;100;502;506
12.86;100;508;508
12.87;100;499;511
12.88;100;512;511
12.89;100;506;514
12.9;100;514;514
12.91;100;500;515
12.92;100;513;516
12.93;100;508;515
12.94;100;517;514
12.95;100;507;516
12.96;100;514;515
12.97;100;511;517
12.98;100;526;517
12.99;100;521;516
13;100;530;515
13.01;100;507;513
13.02;100;515;513
13.03;100;510;510
13.04;100;509;509
13.05;100;509;510
13.06;100;513;510
13.07;100;512;510
13.08;100;519;510
13.09;100;505;509
13.1;100;484;508
13.11;100;543;509
13.12;100;704;509
13.13;100;798;509
13.14;100;574;511
13.15;100;461;511
13.16;100;458;511
13.17;100;445;513
13.18;100;471;513
13.19;100;465;511
13.2;100;478;512
13.21;100;479;514
13.22;100;489;515
13.23;100;487;517
13.24;100;499;518
13.25;100;499;517
13.26;100;508;516
13.27;100;501;517
13.28;100;518;517
13.29;100;513;516
13.3;100;527;516
13.31;100;535;518
13.32;100;549;515
13.33;100;550;515
13.34;100;564;516
13.35;100;561;516
13.36;100;562;518
13.37;100;552;520
13.38;100;542;524
13.39;100;511;529
13.4;100;492;532
13.41;100;462;537
13.42;100;466;536
13.43;100;454;539
13.44;100;463;540
13.45;100;459;540
13.46;100;466;539
13.47;100;463;536
13.48;100;481;532
13.49;100;471;528
13.5;100;479;524
13.51;100;480;519
13.52;100;491;515
13.53;100;483;511
13.54;100;493;506
13.55;100;493;505
13.56;100;500;504
13.57;100;495;504
13.58;100;499;504
13.59;100;497;504
13.6;100;509;504
13.61;100;498;504
13.62;100;505;505
13.63;100;502;505
13.64;100;516;508
13.65;100;505;512
13.66;100;510;512
13.67;100;505;515
13.68;100;515;516
13.69;100;513;518
13.7;100;517;519
13.71;100;511;520
13.72;100;518;521
13.73;100;512;519
13.74;100;519;518
13.75;100;510;516
13.76;100;520;516
13.77;100;513;515
13.78;100;527;514
13.79;100;517;514
13.8;100;526;511
13.81;100;505;510
13.82;100;515;510
13.83;100;499;508
13.84;100;511;509
13.85;100;506;508
13.86;100;514;508
13.87;100;503;508
13.88;100;514;508
13.89;100;475;508
13.9;100;515;510
13.91;100;628;510
13.92;100;780;510
13.93;100;661;511
13.94;100;478;513
13.95;100;460;512
13.96;100;464;511
13.97;100;461;513
13.98;100;477;513
13.99;100;471;514
14;100;480;514
14.01;100;486;515
14.02;100;495;515
14.03;100;489;513
14.04;100;504;513
14.05;100;497;512
14.06;100;509;510
14.07;100;506;511
14.08;100;519;511
14.09;100;521;514
14.1;100;537;513
14.11;100;536;516
14.12;100;554;517
14.13;100;563;516
14.14;100;572;517
14.15;100;565;518
14.16;100;569;522
14.17;100;538;528
14.18;100;524;531
14.19;100;492;534
14.2;100;476;537
14.21;100;455;540
14.22;100;460;542
14.23;100;445;543
14.24;100;452;543
14.25;100;454;540
14.26;100;463;540
14.27;100;470;535
14.28;100;476;530
14.29;100;469;525
14.3;100;475;519
14.31;100;474;514
14.32;100;489;510
14.33;100;481;508
14.34;100;489;504
14.35;100;483;501
14.36;100;487;499
14.37;100;488;499
14.38;100;489;499
14.39;100;491;500
14.4;100;500;502
14.41;100;491;504
14.42;100;504;507
14.43;100;496;508
14.44;100;510;511
14.45;100;503;513
14.46;100;503;515
14.47;100;503;519
14.48;100;511;519
14.49;100;504;521
14.5;100;513;522
14.51;100;503;522
14.52;100;513;522
14.53;100;512;521
14.54;100;519;521
14.55;100;511;519
14.56;100;512;517
14.57;100;498;515
14.58;100;505;515
14.59;100;498;511
14.6;100;506;510
14.61;100;495;510
14.62;100;507;508
14.63;100;497;506
14.64;100;502;506
14.65;100;466;506
14.66;100;502;507
14.67;100;613;508
14.68;100;753;506
14.69;100;656;508
14.7;100;466;505
14.71;100;452;507
14.72;100;456;510
14.73;100;456;513
14.74;100;474;514
14.75;100;473;516
14.76;100;491;518
14.77;100;483;518
14.78;100;497;518
14.79;100;498;517
14.8;100;503;516
14.81;100;503;515
14.82;100;512;515
14.83;100;503;514
14.84;100;525;513
14.85;100;521;514
14.86;100;539;515
14.87;100;540;514
14.88;100;560;514
14.89;100;563;514
14.9;100;568;518
14.91;100;563;519
14.92;100;564;520
14.93;100;542;526
14.94;100;528;528
14.95;100;493;533
14.96;100;478;539
14.97;100;460;541
14.98;100;456;542
14.99;100;444;542
15;100;460;540
15.01;100;450;537
15.02;100;468;534
15.03;100;455;531
15.04;100;475;525
15.05;100;471;520
15.06;100;481;517
15.07;100;476;512
15.08;100;484;511
15.09;100;483;506
15.1;100;497;504
15.11;100;487;501
15.12;100;493;500
15.13;100;488;499
15.14;100;497;502
15.15;100;494;501
15.16;100;500;502
15.17;100;493;504
15.18;100;505;506
15.19;100;500;510
15.2;100;510;513
15.21;100;504;518
15.22;100;512;519
15.23;100;504;521
15.24;100;512;520
15.25;100;504;521
15.26;100;514;520
15.27;100;500;519
15.28;100;511;518
15.29;100;508;517
15.3;100;515;517
15.31;100;515;517
15.32;100;521;516
15.33;100;507;518
15.34;100;508;514
15.35;100;504;514
15.36;100;508;513
15.37;100;500;515
15.38;100;508;512
15.39;100;499;513
15.4;100;514;512
15.41;100;496;512
15.42;100;486;511
15.43;100;486;511
15.44;100;608;511
15.45;100;746;510
15.46;100;711;510
15.47;100;477;511
15.48;100;462;511
15.49;100;448;510
15.5;100;462;510
15.51;100;459;511
15.52;100;486;512
15.53;100;476;514
15.54;100;490;512
15.55;100;481;514
15.56;100;495;515
15.57;100;493;514
15.58;100;506;515
15.59;100;496;513
15.6;100;509;514
15.61;100;505;515
15.62;100;526;513
15.63;100;527;514
15.64;100;542;513
15.65;100;544;514
15.66;100;561;514
15.67;100;563;516
15.68;100;572;519
15.69;100;556;523
15.7;100;557;527
15.71;100;521;533
15.72;100;504;536
15.73;100;476;539
15.74;100;475;541
15.75;100;451;543
15.76;100;463;544
15.77;100;455;543
15.78;100;469;542
15.79;100;464;539
15.8;100;474;534
15.81;100;473;529
15.82;100;486;525
15.83;100;478;519
15.84;100;490;513
15.85;100;486;509
15.86;100;492;506
15.87;100;486;505
15.88;100;498;503
15.89;100;494;502
15.9;100;503;502
15.91;100;493;500
15.92;100;510;502
15.93;100;490;503
15.94;100;503;505
15.95;100;496;508
15.96;100;509;509
15.97;100;504;512
15.98;100;511;511
15.99;100;504;515
16;100;516;516
16.01;100;509;520
16.02;100;518;520
16.03;100;512;521
16.04;100;527;520
16.05;100;512;519
16.06;100;523;519
16.07;100;509;519
16.08;100;520;518
16.09;100;513;516
16.1;100;522;515
16.11;100;516;511
16.12;100;534;510
16.13;100;529;511
16.14;100;534;511
16.15;100;518;511
16.16;100;519;508
16.17;100;508;510
16.18;100;505;510
16.19;100;488;511
16.2;100;489;510
16.21;100;479;510
16.22;100;481;510
16.23;100;442;510
16.24;100;465;511
16.25;100;582;512
16.26;100;733;513
16.27;100;671;514
16.28;100;459;511
16.29;100;415;512
16.3;100;422;512
16.31;100;416;514
16.32;100;439;512
16.33;100;432;515
16.34;100;453;514
16.35;100;450;517
16.36;100;465;515
16.37;100;459;514
16.38;100;478;514
16.39;100;476;513
16.4;100;495;513
16.41;100;485;513
16.42;100;510;511
16.43;100;508;510
16.44;100;523;511
16.45;100;522;511
16.46;100;555;513
16.47;100;550;515
16.48;100;573;515
16.49;100;552;521
16.5;100;555;523
16.51;100;535;528
16.52;100;515;532
16.53;100;480;537
16.54;100;467;542
16.55;100;434;544
16.56;100;430;545
16.57;100;422;545
16.58;100;432;544
16.59;100;429;542
16.6;100;444;539
16.61;100;448;534
16.62;100;465;529
16.63;100;463;524
16.64;100;484;518
16.65;100;491;513
16.66;100;507;510
16.67;100;508;507
16.68;100;530;506
16.69;100;525;503
16.7;100;543;503
16.71;100;529;504
16.72;100;543;502
16.73;100;536;503
16.74;100;541;504
16.75;100;536;508
16.76;100;543;507
16.77;100;530;509
16.78;100;534;511
16.79;100;530;513
16.8;100;543;513
16.81;100;521;516
16.82;100;529;516
16.83;100;519;517
16.84;100;528;518
16.85;100;511;519
16.86;100;520;520
16.87;100;509;520
16.88;100;518;519
16.89;100;511;518
16.9;100;519;518
16.91;100;511;518
16.92;100;521;516
16.93;100;515;517
16.94;100;530;513
16.95;100;524;512
16.96;100;535;511
16.97;100;526;511
16.98;100;527;510
16.99;100;511;509
17;100;524;508
17.01;100;519;508
17.02;100;531;510
17.03;100;513;510
17.04;100;524;509
17.05;100;519;508
17.06;100;523;510
17.07;100;480;510
17.08;100;536;512
17.09;100;656;511
17.1;100;787;513
17.11;100;616;514
17.12;100;483;514
17.13;100;459;517
17.14;100;469;515
17.15;100;471;516
17.16;100;484;516
17.17;100;479;515
17.18;100;503;516
17.19;100;507;515
17.2;100;527;514
17.21;100;513;515
17.22;100;532;514
17.23;100;536;512
17.24;100;545;511
17.25;100;548;510
17.26;100;562;510
17.27;100;552;510
17.28;100;574;513
17.29;100;569;514
17.3;100;592;513
17.31;100;586;514
17.32;100;591;517
17.33;100;575;519
17.34;100;571;522
17.35;100;540;528
17.36;100;519;531
17.37;100;460;532
17.38;100;444;537
17.39;100;411;540
17.4;100;407;541
17.41;100;390;541
17.42;100;407;541
17.43;100;402;540
17.44;100;425;535
17.45;100;428;535
17.46;100;454;528
17.47;100;460;523
17.48;100;476;519
17.49;100;485;513
17.5;100;504;511
17.51;100;505;508
17.52;100;519;505
17.53;100;515;503
17.54;100;528;501
17.55;100;522;502
17.56;100;532;502
17.57;100;523;503
17.58;100;532;505
17.59;100;522;510
17.6;100;524;512
17.61;100;514;516
17.62;100;526;518
17.63;100;510;519
17.64;100;518;520
17.65;100;504;521
17.66;100;504;521
17.67;100;499;521
17.68;100;505;520
17.69;100;491;518
17.7;100;495;517
17.71;100;488;516
17.72;100;498;517
17.73;100;489;516
17.74;100;503;515
17.75;100;483;513
17.76;100;480;512
17.77;100;480;512
17.78;100;491;510
17.79;100;480;512
17.8;100;498;509
17.81;100;493;509
17.82;100;500;508
17.83;100;493;508
17.84;100;488;507
17.85;100;478;508
17.86;100;589;509
17.87;100;721;510
17.88;100;722;511
17.89;100;476;510
17.9;100;464;510
17.91;100;445;513
17.92;100;461;512
17.93;100;460;515
17.94;100;466;515
17.95;100;460;517
17.96;100;482;518
17.97;100;475;517
17.98;100;488;518
17.99;100;480;518
18;100;494;519
18.01;100;492;518
18.02;100;507;518
18.03;100;505;517
18.04;100;517;517
18.05;100;519;517
18.06;100;540;515
18.07;100;544;513
18.08;100;561;513
18.09;100;557;516
18.1;100;574;516
18.11;100;560;519
18.12;100;552;522
18.13;100;518;527
18.14;100;490;529
18.15;100;458;534
18.16;100;449;537
18.17;100;425;540
18.18;100;434;542
18.19;100;421;542
18.2;100;434;541
18.21;100;433;540
18.22;100;447;536
18.23;100;446;532
18.24;100;464;527
18.25;100;467;523
18.26;100;492;519
18.27;100;484;513
18.28;100;508;512
18.29;100;504;508
18.3;100;519;508
18.31;100;518;506
18.32;100;532;503
18.33;100;530;501
18.34;100;538;499
18.35;100;528;499
18.36;100;539;500
18.37;100;529;504
18.38;100;539;504
18.39;100;522;506
18.4;100;531;510
18.41;100;522;513
18.42;100;530;514
18.43;100;513;518
18.44;100;523;522
18.45;100;505;521
18.46;100;513;521
18.47;100;502;521
18.48;100;515;520
18.49;100;498;519
18.5;100;514;518
18.51;100;510;516
18.52;100;519;516
18.53;100;513;514
18.54;100;508;512
18.55;100;502;511
18.56;100;515;510
18.57;100;504;512
18.58;100;519;511
18.59;100;506;512
18.6;100;517;514
18.61;100;508;513
18.62;100;499;514
18.63;100;483;514
18.64;100;577;514
18.65;100;716;513
18.66;100;789;513
18.67;100;522;512
18.68;100;472;513
18.69;100;449;511
18.7;100;463;512
18.71;100;459;511
18.72;100;475;512
18.73;100;472;514
18.74;100;487;514
18.75;100;481;513
18.76;100;497;513
18.77;100;491;513
18.78;100;509;515
18.79;100;496;515
18.8;100;515;514
18.81;100;506;513
18.82;100;517;514
18.83;100;520;515
18.84;100;535;514
18.85;100;533;514
18.86;100;551;513
18.87;100;557;515
18.88;100;561;518
18.89;100;543;522
18.9;100;539;526
18.91;100;501;530
18.92;100;476;534
18.93;100;436;538
18.94;100;430;541
18.95;100;406;544
18.96;100;410;542
18.97;100;403;542
18.98;100;412;542
18.99;100;414;540
19;100;431;535
19.01;100;428;531
19.02;100;450;527
19.03;100;455;523
19.04;100;473;517
19.05;100;476;515
19.06;100;500;511
19.07;100;502;508
19.08;100;527;505
19.09;100;515;504
19.1;100;526;502
19.11;100;521;502
19.12;100;535;503
19.13;100;521;503
19.14;100;531;504
19.15;100;526;506
19.16;100;531;509
19.17;100;529;511
19.18;100;531;512
19.19;100;517;515
19.2;100;528;518
19.21;100;515;519
19.22;100;528;520
19.23;100;515;521
19.24;100;521;521
19.25;100;508;520
19.26;100;526;523
19.27;100;513;521
19.28;100;519;519
19.29;100;519;518
19.3;100;529;516
19.31;100;520;516
19.32;100;518;513
19.33;100;502;512
19.34;100;515;512
19.35;100;513;509
19.36;100;525;509
19.37;100;515;510
19.38;100;528;510
19.39;100;519;509
19.4;100;519;508
19.41;100;490;509
19.42;100;583;509
19.43;100;731;509
19.44;100;809;510
19.45;100;549;511
19.46;100;480;512
19.47;100;455;513
19.48;100;468;513
19.49;100;460;513
19.5;100;478;515
19.51;100;475;515
19.52;100;489;515
19.53;100;481;515
19.54;100;492;515
19.55;100;489;513
19.56;100;499;515
19.57;100;504;515
19.58;100;512;515
19.59;100;508;514
19.6;100;527;515
19.61;100;523;513
19.62;100;540;513
19.63;100;544;512
19.64;100;558;514
19.65;100;566;514
19.66;100;575;516
19.67;100;557;519
19.68;100;553;524
19.69;100;523;531
19.7;100;507;533
19.71;100;464;538
19.72;100;453;540
19.73;100;423;540
19.74;100;432;542
19.75;100;423;542
19.76;100;433;540
19.77;100;432;539
19.78;100;447;536
19.79;100;452;531
19.8;100;479;525
19.81;100;479;520
19.82;100;504;513
19.83;100;498;512
19.84;100;515;510
19.85;100;515;507
19.86;100;537;506
19.87;100;535;503
19.88;100;543;502
19.89;100;536;501
19.9;100;542;503
19.91;100;531;503
19.92;100;543;504
19.93;100;527;508
19.94;100;532;508
19.95;100;525;511
19.96;100;531;513
19.97;100;519;517
19.98;100;519;517
19.99;100;512;519
20;100;512;520
20.01;100;505;523
20.02;100;522;522
20.03;100;504;523
20.04;100;528;521
20.05;100;521;518
20.06;100;528;517
20.07;100;509;516
20.08;100;514;515
20.09;100;512;513
20.1;100;519;511
20.11;100;512;511
20.12;100;528;509
20.13;100;511;509
20.14;100;523;510
20.15;100;515;511
20.16;100;493;510
20.17;100;508;512
20.18;100;638;512
20.19;100;758;513
20.2;100;642;513
20.21;100;448;513
20.22;100;449;513
20.23;100;434;514
20.24;100;449;514
20.25;100;448;513
20.26;100;463;514
20.27;100;458;512
20.28;100;475;513
20.29;100;469;514
20.3;100;485;514
20.31;100;480;514
20.32;100;496;514
20.33;100;491;516
20.34;100;502;515
20.35;100;502;515
20.36;100;515;514
20.37;100;515;513
20.38;100;533;513
20.39;100;541;512
20.4;100;563;513
20.41;100;549;514
20.42;100;564;518
20.43;100;546;520
20.44;100;532;524
20.45;100;498;528
20.46;100;473;530
20.47;100;434;535
20.48;100;438;537
20.49;100;414;541
20.5;100;418;542
20.51;100;412;541
20.52;100;429;541
20.53;100;424;537
20.54;100;444;536
20.55;100;449;532
20.56;100;467;525
20.57;100;465;520
20.58;100;489;518
20.59;100;480;513
20.6;100;502;509
20.61;100;505;507
20.62;100;518;507
20.63;100;514;507
20.64;100;524;506
20.65;100;522;508
20.66;100;533;507
20.67;100;519;509
20.68;100;530;509
20.69;100;521;511
20.7;100;526;511
20.71;100;520;511
20.72;100;526;513
20.73;100;525;516
20.74;100;529;518
20.75;100;511;519
20.76;100;519;520
20.77;100;518;522
20.78;100;530;520
20.79;100;516;519
20.8;100;518;519
20.81;100;502;521
20.82;100;514;518
20.83;100;505;517
20.84;100;514;516
20.85;100;499;516
20.86;100;518;513
20.87;100;503;512
20.88;100;523;511
20.89;100;504;511
20.9;100;492;511
20.91;100;554;511
20.92;100;707;509
20.93;100;793;509
20.94;100;558;510
20.95;100;472;511
20.96;100;467;510
20.97;100;452;513
20.98;100;470;513
20.99;100;458;512
21;100;471;513
21.01;100;466;514
21.02;100;478;514
21.03;100;467;514
21.04;100;487;517
21.05;100;477;515
21.06;100;495;516
21.07;100;486;516
21.08;100;504;515
21.09;100;500;513
21.1;100;521;511
21.11;100;514;510
21.12;100;547;511
21.13;100;551;514
21.14;100;573;515
21.15;100;566;517
21.16;100;569;520
21.17;100;542;524
21.18;100;524;529
21.19;100;489;534
21.2;100;469;536
21.21;100;429;539
21.22;100;421;542
21.23;100;409;544
21.24;100;415;543
21.25;100;409;542
21.26;100;425;540
21.27;100;423;536
21.28;100;444;531
21.29;100;443;527
21.3;100;466;522
21.31;100;466;518
21.32;100;492;514
21.33;100;489;511
21.34;100;509;507
21.35;100;509;503
21.36;100;529;502
21.37;100;526;500
21.38;100;531;500
21.39;100;531;502
21.4;100;543;501
21.41;100;528;504
21.42;100;540;505
21.43;100;528;506
21.44;100;538;508
21.45;100;531;512
21.46;100;538;514
21.47;100;524;515
21.48;100;531;518
21.49;100;516;518
21.5;100;526;519
21.51;100;513;519
21.52;100;518;519
21.53;100;520;519
21.54;100;529;520
21.55;100;523;520
21.56;100;521;518
21.57;100;504;520
21.58;100;522;518
21.59;100;507;518
21.6;100;519;516
21.61;100;508;518
21.62;100;513;514
21.63;100;516;514
21.64;100;521;511
21.65;100;482;510
21.66;100;561;510
21.67;100;703;511
21.68;100;830;510
21.69;100;600;510
21.7;100;490;511
21.71;100;461;512
21.72;100;473;512
21.73;100;472;511
21.74;100;484;510
21.75;100;476;511
21.76;100;493;512
21.77;100;491;514
21.78;100;507;515
21.79;100;492;516
21.8;100;504;516
21.81;100;504;515
21.82;100;514;515
21.83;100;510;514
21.84;100;524;515
21.85;100;519;515
21.86;100;532;516
21.87;100;538;516
21.88;100;558;514
21.89;100;558;515
21.9;100;572;518
21.91;100;555;520
21.92;100;551;524
21.93;100;524;530
21.94;100;511;534
21.95;100;465;538
21.96;100;451;542
21.97;100;420;542
21.98;100;432;543
21.99;100;420;542
22;100;433;541
22.01;100;429;537
22.02;100;443;535
22.03;100;441;530
22.04;100;467;526
22.05;100;465;522
22.06;100;483;519
22.07;100;485;515
22.08;100;504;511
22.09;100;503;511
22.1;100;516;507
22.11;100;513;507
22.12;100;522;506
22.13;100;515;504
22.14;100;539;502
22.15;100;518;503
22.16;100;533;504
22.17;100;523;505
22.18;100;534;507
22.19;100;525;510
22.2;100;539;511
22.21;100;527;513
22.22;100;533;515
22.23;100;523;517
22.24;100;531;519
22.25;100;515;522
22.26;100;523;521
22.27;100;512;521
22.28;100;519;521
22.29;100;512;519
22.3;100;528;518
22.31;100;525;515
22.32;100;534;513
22.33;100;513;511
22.34;100;526;511
22.35;100;521;511
22.36;100;525;511
22.37;100;523;510
22.38;100;532;508
22.39;100;527;508
22.4;100;535;509
22.41;100;513;509
22.42;100;495;511
22.43;100;523;512
22.44;100;665;512
22.45;100;781;512
22.46;100;594;513
22.47;100;443;511
22.48;100;435;513
22.49;100;424;514
22.5;100;439;515
22.51;100;429;515
22.52;100;432;515
22.53;100;431;514
22.54;100;449;514
22.55;100;442;513
22.56;100;459;514
22.57;100;452;516
22.58;100;472;515
22.59;100;473;516
22.6;100;491;515
22.61;100;486;515
22.62;100;502;514
22.63;100;510;513
22.64;100;530;512
22.65;100;539;512
22.66;100;555;513
22.67;100;554;516
22.68;100;564;518
22.69;100;544;521
22.7;100;535;526
22.71;100;497;531
22.72;100;481;535
22.73;100;450;539
22.74;100;443;542
22.75;100;437;543
22.76;100;447;543
22.77;100;441;541
22.78;100;463;540
22.79;100;461;537
22.8;100;476;532
22.81;100;481;527
22.82;100;495;523
22.83;100;508;519
22.84;100;522;514
22.85;100;522;511
22.86;100;538;508
22.87;100;540;507
22.88;100;548;504
22.89;100;544;504
22.9;100;560;504
22.91;100;546;503
22.92;100;553;505
22.93;100;545;506
22.94;100;547;508
22.95;100;537;511
22.96;100;543;511
22.97;100;531;513
22.98;100;539;515
22.99;100;528;516
23;100;531;516
23.01;100;512;519
23.02;100;526;517
23.03;100;520;518
23.04;100;523;519
23.05;100;515;519
23.06;100;526;519
23.07;100;515;518
23.08;100;525;518
23.09;100;504;516
23.1;100;515;513
23.11;100;512;513
23.12;100;521;512
23.13;100;514;513
23.14;100;533;512
23.15;100;521;512
23.16;100;529;510
23.17;100;521;511
23.18;100;499;510
23.19;100;556;508
23.2;100;698;507
23.21;100;805;508
23.22;100;599;511
23.23;100;491;509
23.24;100;489;510
23.25;100;481;511
23.26;100;494;513
23.27;100;489;515
23.28;100;501;515
23.29;100;490;515
23.3;100;502;517
23.31;100;505;517
23.32;100;513;515
23.33;100;505;516
23.34;100;514;515
23.35;100;510;513
23.36;100;521;512
23.37;100;515;512
23.38;100;540;512
23.39;100;534;513
23.4;100;557;511
23.41;100;565;513
23.42;100;574;515
23.43;100;564;515
23.44;100;572;518
23.45;100;545;521
23.46;100;538;526
23.47;100;492;531
23.48;100;467;536
23.49;100;427;540
23.5;100;403;542
23.51;100;380;542
23.52;100;374;543
23.53;100;359;542
23.54;100;369;540
23.55;100;366;537
23.56;100;383;531
23.57;100;382;527
23.58;100;403;523
23.59;100;413;520
23.6;100;425;515
23.61;100;429;512
23.62;100;449;511
23.63;100;448;508
23.64;100;470;506
23.65;100;464;504
23.66;100;479;504
23.67;100;478;504
23.68;100;491;505
23.69;100;489;508
23.7;100;493;509
23.71;100;492;510
23.72;100;507;512
23.73;100;502;513
23.74;100;508;517
23.75;100;512;518
23.76;100;522;517
23.77;100;519;518
23.78;100;529;521
23.79;100;513;520
23.8;100;529;518
23.81;100;524;518
23.82;100;536;517
23.83;100;526;515
23.84;100;532;515
23.85;100;512;517
23.86;100;510;515
23.87;100;490;512
23.88;100;495;511
23.89;100;486;510
23.9;100;512;509
23.91;100;510;510
23.92;100;526;509
23.93;100;514;510
23.94;100;526;509
23.95;100;486;509
23.96;100;544;511
23.97;100;673;510
23.98;100;820;512
23.99;100;650;512
24;100;490;513
24.01;100;463;516
24.02;100;457;515
24.03;100;454;516
24.04;100;479;517
24.05;100;467;516
24.06;100;484;516
24.07;100;481;514
24.08;100;496;515
24.09;100;487;515
24.1;100;504;515
24.11;100;494;515
24.12;100;508;514
24.13;100;508;513
24.14;100;527;513
24.15;100;524;512
24.16;100;543;512
24.17;100;546;513
24.18;100;566;513
24.19;100;559;515
24.2;100;582;517
24.21;100;572;519
24.22;100;571;523
24.23;100;534;527
24.24;100;515;530
24.25;100;476;534
24.26;100;457;540
24.27;100;436;540
24.28;100;431;543
24.29;100;421;542
24.3;100;439;540
24.31;100;424;538
24.32;100;445;536
24.33;100;442;532
24.34;100;461;527
24.35;100;460;522
24.36;100;475;519
24.37;100;482;512
24.38;100;498;510
24.39;100;504;507
24.4;100;522;504
24.41;100;519;502
24.42;100;536;502
24.43;100;531;502
24.44;100;539;502
24.45;100;533;503
24.46;100;543;504
24.47;100;539;507
24.48;100;535;508
24.49;100;533;510
24.5;100;532;513
24.51;100;518;517
24.52;100;525;517
24.53;100;519;518
24.54;100;524;520
24.55;100;508;523
24.56;100;515;521
24.57;100;507;521
24.58;100;508;522
24.59;100;505;521
24.6;100;511;519
24.61;100;506;518
24.62;100;511;517
24.63;100;508;516
24.64;100;521;514
24.65;100;521;513
24.66;100;528;511
24.67;100;512;511
24.68;100;521;511
24.69;100;509;508
24.7;100;515;510
24.71;100;516;508
24.72;100;519;508
24.73;100;509;506
24.74;100;519;508
24.75;100;519;509
24.76;100;507;509
24.77;100;546;511
24.78;100;688;511
24.79;100;828;512
24.8;100;697;513
24.81;100;509;515
24.82;100;491;516
24.83;100;480;517
24.84;100;483;515
24.85;100;488;515
24.86;100;491;516
24.87;100;491;516
24.88;100;496;515
24.89;100;494;513
24.9;100;504;513
24.91;100;503;513
24.92;100;507;514
24.93;100;503;513
24.94;100;513;512
24.95;100;512;511
24.96;100;522;512
24.97;100;526;513
24.98;100;544;514
24.99;100;545;513
25;100;563;515
25.01;100;554;515
25.02;100;561;519
25.03;100;541;522
25.04;100;524;527
25.05;100;497;531
25.06;100;473;536
25.07;100;434;539
25.08;100;426;542
25.09;100;411;545
25.1;100;411;544
25.11;100;403;543
25.12;100;414;540
25.13;100;416;536
25.14;100;428;532
25.15;100;434;530
25.16;100;454;525
25.17;100;457;523
25.18;100;478;516
25.19;100;474;514
25.2;100;493;512
25.21;100;490;507
25.22;100;505;507
25.23;100;506;504
25.24;100;518;502
25.25;100;517;502
25.26;100;527;504
25.27;100;519;505
25.28;100;524;507
25.29;100;514;508
25.3;100;523;511
25.31;100;516;511
25.32;100;515;512
25.33;100;504;512
25.34;100;511;514
25.35;100;504;514
25.36;100;516;514
25.37;100;501;514
25.38;100;508;515
25.39;100;499;515
25.4;100;514;515
25.41;100;508;516
25.42;100;512;515
25.43;100;503;515
25.44;100;501;514
25.45;100;491;516
25.46;100;504;515
25.47;100;490;513
25.48;100;496;513
25.49;100;493;510
25.5;100;505;511
25.51;100;498;512
25.52;100;509;511
25.53;100;470;510
25.54;100;498;510
25.55;100;604;512
25.56;100;750;513
25.57;100;660;512
25.58;100;470;509
25.59;100;452;510
25.6;100;455;512
25.61;100;458;513
25.62;100;468;516
25.63;100;470;515
25.64;100;478;515
25.65;100;475;514
25.66;100;485;516
25.67;100;482;516
25.68;100;490;514
25.69;100;492;515
25.7;100;504;516
25.71;100;499;516
25.72;100;513;517
25.73;100;513;516
25.74;100;524;516
25.75;100;524;516
25.76;100;539;516
25.77;100;551;518
25.78;100;562;519
25.79;100;551;519
25.8;100;554;522
25.81;100;526;524
25.82;100;508;530
25.83;100;467;532
25.84;100;450;535
25.85;100;429;537
25.86;100;422;540
25.87;100;410;541
25.88;100;416;540
25.89;100;417;538
25.9;100;427;536
25.91;100;436;531
25.92;100;449;528
25.93;100;454;525
25.94;100;473;519
25.95;100;481;516
25.96;100;493;513
25.97;100;498;510
25.98;100;511;504
25.99;100;513;502
26;100;525;504
26.01;100;526;501
26.02;100;538;503
26.03;100;529;500
26.04;100;541;504
26.05;100;534;504
26.06;100;533;508
26.07;100;527;509
26.08;100;529;512
26.09;100;525;514
26.1;100;520;518
26.11;100;522;519
26.12;100;524;520
26.13;100;513;520
26.14;100;516;521
26.15;100;510;522
26.16;100;518;522
26.17;100;520;521
26.18;100;519;518
26.19;100;521;516
26.2;100;524;517
26.21;100;504;514
26.22;100;507;512
26.23;100;510;511
26.24;100;519;511
26.25;100;509;510
26.26;100;518;510
26.27;100;515;511
26.28;100;521;511
26.29;100;495;508
26.3;100;498;510
26.31;100;589;512
26.32;100;752;510
26.33;100;756;509
26.34;100;518;511
26.35;100;460;511
26.36;100;460;511
26.37;100;460;510
26.38;100;473;512
26.39;100;468;511
26.4;100;481;512
26.41;100;478;515
26.42;100;489;516
26.43;100;488;514
26.44;100;492;516
26.45;100;493;514
26.46;100;503;515
26.47;100;496;514
26.48;100;514;515
26.49;100;508;513
26.5;100;525;513
26.51;100;526;512
26.52;100;541;513
26.53;100;553;514
26.54;100;561;516
26.55;100;562;519
26.56;100;560;520
26.57;100;536;525
26.58;100;513;529
26.59;100;480;529
26.6;100;460;536
26.61;100;437;535
26.62;100;433;537
26.63;100;422;541
26.64;100;425;540
26.65;100;424;538
26.66;100;442;537
26.67;100;443;534
26.68;100;449;531
26.69;100;457;527
26.7;100;475;523
26.71;100;478;520
26.72;100;492;515
26.73;100;496;512
26.74;100;508;511
26.75;100;509;508
26.76;100;517;505
26.77;100;521;505
26.78;100;534;504
26.79;100;529;506
26.8;100;528;505
26.81;100;522;506
26.82;100;527;507
26.83;100;526;508
26.84;100;533;510
26.85;100;528;508
26.86;100;531;508
26.87;100;523;510
26.88;100;526;512
26.89;100;522;515
26.9;100;525;519
26.91;100;518;520
26.92;100;520;519
26.93;100;517;520
26.94;100;523;520
26.95;100;524;521
26.96;100;528;518
26.97;100;520;516
26.98;100;509;516
26.99;100;508;514
27;100;514;513
27.01;100;513;513
27.02;100;519;511
27.03;100;513;509
27.04;100;519;508
27.05;100;519;510
27.06;100;509;511
27.07;100;491;510
27.08;100;580;512
27.09;100;729;509
27.1;100;793;512
27.11;100;536;510
27.12;100;463;512
27.13;100;451;511
27.14;100;457;512
27.15;100;461;512
27.16;100;466;514
27.17;100;469;513
27.18;100;480;513
27.19;100;474;513
27.2;100;478;513
27.21;100;484;514
27.22;100;507;514
27.23;100;519;517
27.24;100;534;517
27.25;100;540;514
27.26;100;555;516
27.27;100;565;516
27.28;100;574;513
27.29;100;584;513
27.3;100;590;514
27.31;100;597;515
27.32;100;598;517
27.33;100;583;519
27.34;100;577;524
27.35;100;541;527
27.36;100;513;531
27.37;100;491;537
27.38;100;457;540
27.39;100;442;541
27.4;100;440;545
27.41;100;425;542
27.42;100;431;541
27.43;100;436;539
27.44;100;443;536
27.45;100;441;532
27.46;100;454;526
27.47;100;460;520
27.48;100;475;517
27.49;100;477;512
27.5;100;491;508
27.51;100;496;506
27.52;100;508;504
27.53;100;509;503
27.54;100;518;503
27.55;100;511;503
27.56;100;524;506
27.57;100;515;504
27.58;100;520;506
27.59;100;514;509
27.6;100;513;512
27.61;100;508;511
27.62;100;513;513
27.63;100;504;516
27.64;100;509;518
27.65;100;500;519
27.66;100;496;518
27.67;100;496;517
27.68;100;501;519
27.69;100;497;519
27.7;100;508;519
27.71;100;501;521
27.72;100;509;519
27.73;100;486;516
27.74;100;495;516
27.75;100;487;518
27.76;100;492;515
27.77;100;493;513
27.78;100;502;513
27.79;100;498;513
27.8;100;497;512
27.81;100;489;512
27.82;100;476;510
27.83;100;542;508
27.84;100;689;508
27.85;100;772;511
27.86;100;538;510
27.87;100;459;510
27.88;100;447;513
27.89;100;453;513
27.9;100;461;512
27.91;100;462;512
27.92;100;466;513
27.93;100;479;512
27.94;100;486;512
27.95;100;481;511
27.96;100;491;513
27.97;100;492;513
27.98;100;494;515
27.99;100;495;516
28;100;500;515
28.01;100;509;516
28.02;100;518;518
28.03;100;526;515
28.04;100;532;516
28.05;100;539;514
28.06;100;558;516
28.07;100;564;516
28.08;100;559;519
28.09;100;545;521
28.1;100;525;525
28.11;100;491;529
28.12;100;457;533
28.13;100;438;537
28.14;100;430;539
28.15;100;418;541
28.16;100;417;542
28.17;100;422;540
28.18;100;428;541
28.19;100;444;539
28.2;100;452;535
28.21;100;451;529
28.22;100;468;525
28.23;100;477;524
28.24;100;487;516
28.25;100;491;512
28.26;100;499;509
28.27;100;509;507
28.28;100;517;504
28.29;100;521;503
28.3;100;524;503
28.31;100;530;503
28.32;100;527;504
28.33;100;530;504
28.34;100;529;508
28.35;100;528;510
28.36;100;528;510
28.37;100;522;512
28.38;100;524;515
28.39;100;513;518
28.4;100;513;518
28.41;100;512;519
28.42;100;519;520
28.43;100;520;521
28.44;100;521;521
28.45;100;510;519
28.46;100;507;519
28.47;100;501;517
28.48;100;503;516
28.49;100;501;516
28.5;100;511;515
28.51;100;500;514
28.52;100;511;515
28.53;100;512;511
28.54;100;500;510
28.55;100;473;510
28.56;100;524;510
28.57;100;655;508
28.58;100;755;508
28.59;100;517;506
28.6;100;432;507
28.61;100;412;507
28.62;100;422;509
28.63;100;427;510
28.64;100;430;511
28.65;100;438;514
28.66;100;446;514
28.67;100;446;517
28.68;100;455;518
28.69;100;458;518
28.7;100;469;515
28.71;100;470;519
28.72;100;475;516
28.73;100;479;515
28.74;100;488;514
28.75;100;497;516
28.76;100;512;515
28.77;100;522;516
28.78;100;534;513
28.79;100;550;515
28.8;100;553;517
28.81;100;550;519
28.82;100;543;525
28.83;100;514;527
28.84;100;494;531
28.85;100;465;534
28.86;100;448;539
28.87;100;433;543
28.88;100;422;543
28.89;100;423;543
28.9;100;429;542
28.91;100;430;540
28.92;100;451;537
28.93;100;454;533
28.94;100;460;530
28.95;100;475;526
28.96;100;481;520
28.97;100;493;516
28.98;100;508;515
28.99;100;508;511
29;100;520;508
29.01;100;523;506
29.02;100;535;505
29.03;100;536;504
29.04;100;539;502
29.05;100;537;503
29.06;100;540;504
29.07;100;535;505
29.08;100;535;507
29.09;100;529;508
29.1;100;535;509
29.11;100;531;511
29.12;100;527;514
29.13;100;525;517
29.14;100;527;519
29.15;100;529;520
29.16;100;527;522
29.17;100;526;520
29.18;100;524;521
29.19;100;511;519
29.2;100;504;519
29.21;100;508;518
29.22;100;513;518
29.23;100;514;517
29.24;100;512;514
29.25;100;517;513
29.26;100;521;511
29.27;100;508;510
29.28;100;497;511
29.29;100;583;511
29.3;100;732;509
29.31;100;804;508
29.32;100;554;509
29.33;100;480;508
29.34;100;463;509
29.35;100;467;509
29.36;100;478;510
29.37;100;482;511
29.38;100;489;511
29.39;100;494;512
29.4;100;493;512
29.41;100;496;513
29.42;100;500;514
29.43;100;500;514
29.44;100;511;515
29.45;100;510;516
29.46;100;516;518
29.47;100;518;515
29.48;100;534;518
29.49;100;538;515
29.5;100;548;518
29.51;100;559;515
29.52;100;567;517
29.53;100;565;520
29.54;100;565;523
29.55;100;549;526
29.56;100;524;529
29.57;100;493;534
29.58;100;470;538
29.59;100;449;539
29.6;100;440;540
29.61;100;438;541
29.62;100;438;542
29.63;100;440;543
29.64;100;448;539
29.65;100;456;535
29.66;100;462;532
29.67;100;479;528
29.68;100;471;524
29.69;100;489;520
29.7;100;502;514
29.71;100;504;510
29.72;100;514;508
29.73;100;515;505
29.74;100;521;504
29.75;100;527;502
29.76;100;530;504
29.77;100;530;503
29.78;100;533;504
29.79;100;527;507
29.8;100;532;512
29.81;100;523;509
29.82;100;530;509
29.83;100;525;510
29.84;100;524;513
29.85;100;514;514
29.86;100;517;516
29.87;100;515;518
29.88;100;509;519
29.89;100;519;520
29.9;100;519;519
29.91;100;511;520
29.92;100;500;518
29.93;100;495;518
29.94;100;501;518
29.95;100;501;516
29.96;100;501;518
29.97;100;501;514
29.98;100;507;513
29.99;100;507;513
30;100;500;511
30.01;100;475;511
30.02;100;544;512
30.03;100;683;510
30.04;100;804;510
30.05;100;582;509
30.06;100;474;508
30.07;100;462;510
30.08;100;461;511
30.09;100;468;513
30.1;100;482;515
30.11;100;483;513
30.12;100;483;516
30.13;100;492;517
30.14;100;492;515
30.15;100;493;514
30.16;100;497;516
30.17;100;502;513
30.18;100;511;513
30.19;100;515;513
30.2;100;522;514
30.21;100;527;514
30.22;100;539;514
30.23;100;545;516
30.24;100;553;516
30.25;100;569;520
30.26;100;573;519
30.27;100;573;520
30.28;100;561;526
30.29;100;534;527
30.3;100;516;532
30.31;100;483;539
30.32;100;461;540
30.33;100;444;541
30.34;100;436;540
30.35;100;432;540
30.36;100;448;539
30.37;100;465;536
30.38;100;473;532
30.39;100;488;529
30.4;100;493;524
30.41;100;490;520
30.42;100;509;516
30.43;100;508;514
30.44;100;507;510
30.45;100;519;507
30.46;100;514;505
30.47;100;513;504
30.48;100;522;504
30.49;100;522;504
30.5;100;522;504
30.51;100;519;505
30.52;100;518;506
30.53;100;519;508
30.54;100;521;510
30.55;100;518;512
30.56;100;515;515
30.57;100;508;519
30.58;100;509;519
30.59;100;512;522
30.6;100;513;525
30.61;100;512;524
30.62;100;510;526
30.63;100;513;522
30.64;100;501;522
30.65;100;490;521
30.66;100;497;519
30.67;100;499;518
30.68;100;505;516
30.69;100;505;515
30.7;100;500;512
30.71;100;513;510
30.72;100;515;510
30.73;100;492;512
30.74;100;510;513
30.75;100;629;510
30.76;100;766;513
30.77;100;678;513
30.78;100;484;511
30.79;100;471;512
30.8;100;464;515
30.81;100;479;513
30.82;100;483;512
30.83;100;482;515
30.84;100;492;512
30.85;100;493;513
30.86;100;500;514
30.87;100;498;516
30.88;100;504;517
30.89;100;512;518
30.9;100;526;517
30.91;100;547;518
30.92;100;561;518
30.93;100;569;518
30.94;100;580;513
30.95;100;593;515
30.96;100;603;511
30.97;100;614;511
30.98;100;608;515
30.99;100;609;516
31;100;598;521
31.01;100;575;526
31.02;100;543;531
31.03;100;507;536
31.04;100;477;539
31.05;100;458;545
31.06;100;443;544
31.07;100;440;545
31.08;100;437;546
31.09;100;435;546
31.1;100;436;540
31.11;100;441;536
31.12;100;450;531
31.13;100;468;525
31.14;100;475;520
31.15;100;487;517
31.16;100;493;514
31.17;100;499;511
31.18;100;503;507
31.19;100;509;505
31.2;100;522;504
31.21;100;518;502
31.22;100;520;504
31.23;100;519;504
31.24;100;513;505
31.25;100;496;507
31.26;100;478;507
31.27;100;467;510
31.28;100;460;512
31.29;100;453;513
31.3;100;459;516
31.31;100;459;519
31.32;100;447;518
31.33;100;451;517
31.34;100;460;516
31.35;100;467;517
31.36;100;463;519
31.37;100;454;520
31.38;100;460;522
31.39;100;454;520
31.4;100;458;520
31.41;100;462;521
31.42;100;465;516
31.43;100;473;515
31.44;100;474;514
31.45;100;468;513
31.46;100;449;512
31.47;100;488;512
31.48;100;621;511
31.49;100;766;510
31.5;100;657;510
31.51;100;472;510
31.52;100;453;511
31.53;100;446;514
31.54;100;455;513
31.55;100;466;513
31.56;100;470;514
31.57;100;482;517
31.58;100;479;514
31.59;100;488;513
31.6;100;493;514
31.61;100;498;514
31.62;100;506;513
31.63;100;508;513
31.64;100;514;513
31.65;100;518;514
31.66;100;528;513
31.67;100;539;513
31.68;100;542;513
31.69;100;550;516
31.7;100;569;517
31.71;100;565;518
31.72;100;568;523
31.73;100;558;528
31.74;100;537;529
31.75;100;512;533
31.76;100;477;537
31.77;100;459;541
31.78;100;438;543
31.79;100;428;544
31.8;100;431;544
31.81;100;427;543
31.82;100;436;541
31.83;100;447;538
31.84;100;452;534
31.85;100;464;530
31.86;100;480;525
31.87;100;483;520
31.88;100;499;518
31.89;100;504;515
31.9;100;512;510
31.91;100;523;507
31.92;100;527;505
31.93;100;525;504
31.94;100;535;503
31.95;100;540;503
31.96;100;537;504
31.97;100;542;504
31.98;100;536;504
31.99;100;536;508
32;100;530;509
32.01;100;526;513
32.02;100;527;515
32.03;100;522;517
32.04;100;518;520
32.05;100;512;523
32.06;100;509;520
32.07;100;516;521
32.08;100;510;521
32.09;100;514;522
32.1;100;517;520
32.11;100;518;519
32.12;100;509;518
32.13;100;503;517
32.14;100;508;515
32.15;100;509;514
32.16;100;506;513
32.17;100;515;513
32.18;100;502;512
32.19;100;510;511
32.2;100;511;511
32.21;100;495;513
32.22;100;495;509
32.23;100;601;509
32.24;100;754;510
32.25;100;756;510
32.26;100;510;510
32.27;100;462;510
32.28;100;451;511
32.29;100;456;512
32.3;100;459;512
32.31;100;470;512
32.32;100;469;514
32.33;100;481;515
32.34;100;479;515
32.35;100;487;516
32.36;100;483;518
32.37;100;491;517
32.38;100;491;518
32.39;100;497;515
32.4;100;507;514
32.41;100;508;515
32.42;100;523;515
32.43;100;535;515
32.44;100;542;515
32.45;100;548;514
32.46;100;558;516
32.47;100;561;519
32.48;100;550;524
32.49;100;539;531
32.5;100;510;534
32.51;100;481;537
32.52;100;450;543
32.53;100;433;547
32.54;100;419;545
32.55;100;417;545
32.56;100;416;545
32.57;100;423;541
32.58;100;428;538
32.59;100;446;535
32.6;100;450;531
32.61;100;462;524
32.62;100;471;519
32.63;100;482;513
32.64;100;494;511
32.65;100;506;509
32.66;100;513;506
32.67;100;527;504
32.68;100;521;504
32.69;100;531;503
32.7;100;527;503
32.71;100;534;504
32.72;100;532;505
32.73;100;537;508
32.74;100;521;508
32.75;100;521;511
32.76;100;525;511
32.77;100;524;513
32.78;100;523;515
32.79;100;518;519
32.8;100;513;519
32.81;100;509;521
32.82;100;514;520
32.83;100;505;520
32.84;100;510;522
32.85;100;518;523
32.86;100;514;517
32.87;100;513;516
32.88;100;501;514
32.89;100;504;514
32.9;100;503;512
32.91;100;503;511
32.92;100;507;511
32.93;100;509;510
32.94;100;510;510
32.95;100;508;510
32.96;100;501;511
32.97;100;475;513
32.98;100;558;513
32.99;100;696;512
33;100;775;514
33.01;100;526;513
33.02;100;463;514
33.03;100;459;512
33.04;100;457;512
33.05;100;465;512
33.06;100;477;513
33.07;100;473;514
33.08;100;480;515
33.09;100;481;515
33.1;100;487;515
33.11;100;484;516
33.12;100;491;514
33.13;100;490;514
33.14;100;503;512
33.15;100;516;513
33.16;100;516;513
33.17;100;522;515
33.18;100;530;516
33.19;100;537;515
33.2;100;543;512
33.21;100;561;514
33.22;100;559;516
33.23;100;559;519
33.24;100;541;523
33.25;100;521;525
33.26;100;483;529
33.27;100;460;536
33.28;100;434;538
33.29;100;421;543
33.3;100;417;547
33.31;100;416;549
33.32;100;414;547
33.33;100;416;543
33.34;100;424;537
33.35;100;430;531
33.36;100;444;526
33.37;100;459;522
33.38;100;469;515
33.39;100;482;511
33.4;100;488;507
33.41;100;509;504
33.42;100;507;501
33.43;100;515;500
33.44;100;524;500
33.45;100;532;501
33.46;100;527;501
33.47;100;534;504
33.48;100;523;504
33.49;100;527;508
33.5;100;526;512
33.51;100;525;512
33.52;100;518;515
33.53;100;519;516
33.54;100;519;519
33.55;100;511;519
33.56;100;519;521
33.57;100;511;522
33.58;100;518;523
33.59;100;515;521
33.6;100;515;521
33.61;100;505;519
33.62;100;501;519
33.63;100;506;517
33.64;100;507;516
33.65;100;510;515
33.66;100;501;514
33.67;100;515;513
33.68;100;514;511
33.69;100;513;509
33.7;100;495;508
33.71;100;504;508
33.72;100;618;508
33.73;100;765;509
33.74;100;715;508
33.75;100;495;510
33.76;100;471;512
33.77;100;465;511
33.78;100;468;513
33.79;100;478;515
33.8;100;480;515
33.81;100;494;518
33.82;100;484;518
33.83;100;497;518
33.84;100;492;518
33.85;100;497;518
33.86;100;500;518
33.87;100;508;517
33.88;100;511;516
33.89;100;515;515
33.9;100;519;514
33.91;100;536;514
33.92;100;546;514
33.93;100;553;513
33.94;100;561;515
33.95;100;568;516
33.96;100;569;517
33.97;100;564;521
33.98;100;546;524
33.99;100;519;531
34;100;484;534
34.01;100;464;539
34.02;100;443;542
34.03;100;432;544
34.04;100;423;544
34.05;100;425;543
34.06;100;430;542
34.07;100;437;538
34.08;100;440;536
34.09;100;452;531
34.1;100;458;527
34.11;100;476;523
34.12;100;486;517
34.13;100;500;513
34.14;100;507;510
34.15;100;513;506
34.16;100;518;504
34.17;100;518;500
34.18;100;524;498
34.19;100;527;498
34.2;100;526;499
34.21;100;535;501
34.22;100;527;502
34.23;100;530;505
34.24;100;527;510
34.25;100;524;512
34.26;100;521;516
34.27;100;517;519
34.28;100;511;519
34.29;100;509;521
34.3;100;503;523
34.31;100;513;520
34.32;100;511;521
34.33;100;508;521
34.34;100;514;519
34.35;100;495;519
34.36;100;495;517
34.37;100;497;516
34.38;100;503;515
34.39;100;504;513
34.4;100;502;513
34.41;100;510;511
34.42;100;510;511
34.43;100;505;509
34.44;100;475;509
34.45;100;548;508
34.46;100;691;510
34.47;100;801;510
34.48;100;581;509
34.49;100;470;509
34.5;100;451;509
34.51;100;460;511
34.52;100;463;512
34.53;100;469;512
34.54;100;472;512
34.55;100;479;513
34.56;100;482;513
34.57;100;486;514
34.58;100;487;515
34.59;100;491;515
34.6;100;497;516
34.61;100;498;517
34.62;100;500;516
34.63;100;508;514
34.64;100;519;514
34.65;100;526;514
34.66;100;534;513
34.67;100;548;513
34.68;100;561;514
34.69;100;561;516
34.7;100;558;518
34.71;100;549;520
34.72;100;527;526
34.73;100;492;534
34.74;100;472;537
34.75;100;453;543
34.76;100;434;545
34.77;100;426;548
34.78;100;423;548
34.79;100;428;543
34.8;100;427;543
34.81;100;440;537
34.82;100;451;532
34.83;100;462;528
34.84;100;468;524
34.85;100;481;517
34.86;100;491;512
34.87;100;508;509
34.88;100;515;505
34.89;100;523;504
34.9;100;521;501
34.91;100;537;503
34.92;100;531;501
34.93;100;534;502
34.94;100;533;504
34.95;100;537;504
34.96;100;537;506
34.97;100;537;509
34.98;100;528;511
34.99;100;529;512
35;100;520;514
35.01;100;523;517
35.02;100;518;518
35.03;100;513;518
35.04;100;514;520
35.05;100;519;519
35.06;100;519;519
35.07;100;513;519
35.08;100;524;517
35.09;100;508;517
35.1;100;506;517
35.11;100;509;516
35.12;100;507;513
35.13;100;513;512
35.14;100;508;510
35.15;100;516;510
35.16;100;516;510
35.17;100;513;509
35.18;100;479;508
35.19;100;546;509
35.2;100;680;509
35.21;100;812;509
35.22;100;620;509
35.23;100;483;511
35.24;100;458;510
35.25;100;461;513
35.26;100;467;513
35.27;100;472;511
35.28;100;478;512
35.29;100;482;513
35.3;100;484;514
35.31;100;488;513
35.32;100;486;514
35.33;100;496;514
35.34;100;501;512
35.35;100;506;512
35.36;100;509;511
35.37;100;517;510
35.38;100;522;511
35.39;100;534;512
35.4;100;543;510
35.41;100;560;511
35.42;100;562;511
35.43;100;571;515
35.44;100;564;517
35.45;100;556;522
35.46;100;531;528
35.47;100;500;532
35.48;100;469;537
35.49;100;449;541
35.5;100;426;543
35.51;100;421;544
35.52;100;420;545
35.53;100;421;543
35.54;100;424;542
35.55;100;440;538
35.56;100;448;534
35.57;100;459;528
35.58;100;467;524
35.59;100;480;518
35.6;100;491;514
35.61;100;492;508
35.62;100;511;505
35.63;100;518;503
35.64;100;514;503
35.65;100;529;501
35.66;100;528;503
35.67;100;528;504
35.68;100;525;505
35.69;100;530;508
35.7;100;525;511
35.71;100;527;513
35.72;100;518;514
35.73;100;519;516
35.74;100;515;518
35.75;100;515;520
35.76;100;516;519
35.77;100;516;519
35.78;100;518;520
35.79;100;522;520
35.8;100;518;519
35.81;100;515;518
35.82;100;502;516
35.83;100;508;515
35.84;100;508;514
35.85;100;512;512
35.86;100;513;511
35.87;100;517;512
35.88;100;515;512
35.89;100;514;511
35.9;100;486;512
35.91;100;504;512
35.92;100;619;510
35.93;100;752;511
35.94;100;667;510
35.95;100;473;510
35.96;100;464;509
35.97;100;460;509
35.98;100;468;509
35.99;100;474;510
36;100;480;511
36.01;100;484;511
36.02;100;483;512
36.03;100;497;513
36.04;100;493;512
36.05;100;495;515
36.06;100;495;514
36.07;100;507;514
36.08;100;505;514
36.09;100;514;515
36.1;100;518;516
36.11;100;527;514
36.12;100;529;514
36.13;100;546;515
36.14;100;556;516
36.15;100;559;516
36.16;100;556;518
36.17;100;550;522
36.18;100;533;526
36.19;100;506;529
36.2;100;470;533
36.21;100;449;539
36.22;100;435;539
36.23;100;425;539
36.24;100;415;540
36.25;100;420;540
36.26;100;429;539
36.27;100;431;536
36.28;100;440;532
36.29;100;451;529
36.3;100;463;525
36.31;100;475;520
36.32;100;481;517
36.33;100;489;512
36.34;100;497;509
36.35;100;515;507
36.36;100;508;504
36.37;100;518;503
36.38;100;523;500
36.39;100;525;500
36.4;100;521;500
36.41;100;531;503
36.42;100;528;505
36.43;100;526;508
36.44;100;528;510
36.45;100;520;511
36.46;100;519;512
36.47;100;518;515
36.48;100;513;516
36.49;100;518;519
36.5;100;514;520
36.51;100;519;521
36.52;100;502;521
36.53;100;499;520
36.54;100;493;519
36.55;100;499;520
36.56;100;493;517
36.57;100;495;516
36.58;100;495;514
36.59;100;504;513
36.6;100;503;512
36.61;100;492;512
36.62;100;475;512
36.63;100;559;509
36.64;100;705;510
36.65;100;781;509
36.66;100;525;510
36.67;100;469;510
36.68;100;454;509
36.69;100;465;508
36.7;100;470;509
36.71;100;476;510
36.72;100;479;511
36.73;100;486;514
36.74;100;484;512
36.75;100;494;512
36.76;100;491;513
36.77;100;504;514
36.78;100;497;514
36.79;100;501;513
36.8;100;508;513
36.81;100;517;514
36.82;100;518;515
36.83;100;533;513
36.84;100;543;511
36.85;100;551;515
36.86;100;560;515
36.87;100;561;516
36.88;100;552;519
36.89;100;544;524
36.9;100;514;529
36.91;100;487;533
36.92;100;458;538
36.93;100;435;543
36.94;100;427;543
36.95;100;421;543
36.96;100;417;543
36.97;100;423;542
36.98;100;427;540
36.99;100;436;535
37;100;442;529
37.01;100;453;525
37.02;100;471;520
37.03;100;486;517
37.04;100;489;512
37.05;100;503;509
37.06;100;509;505
37.07;100;514;503
37.08;100;520;501
37.09;100;526;502
37.1;100;524;500
37.11;100;530;501
37.12;100;524;502
37.13;100;523;504
37.14;100;521;505
37.15;100;521;508
37.16;100;516;509
37.17;100;514;513
37.18;100;512;513
37.19;100;508;513
37.2;100;505;516
37.21;100;502;518
37.22;100;509;521
37.23;100;513;520
37.24;100;506;521
37.25;100;491;521
37.26;100;487;521
37.27;100;484;519
37.28;100;483;518
37.29;100;488;517
37.3;100;487;516
37.31;100;499;515
37.32;100;493;511
37.33;100;498;510
37.34;100;469;509
37.35;100;488;510
37.36;100;617;508
37.37;100;762;508
37.38;100;695;508
37.39;100;486;508
37.4;100;455;507
37.41;100;455;508
37.42;100;459;509
37.43;100;460;510
37.44;100;463;509
37.45;100;474;511
37.46;100;470;513
37.47;100;477;513
37.48;100;480;513
37.49;100;493;513
37.5;100;492;514
37.51;100;500;516
37.52;100;497;514
37.53;100;507;515
37.54;100;508;515
37.55;100;520;514
37.56;100;527;514
37.57;100;549;516
37.58;100;551;514
37.59;100;557;516
37.6;100;553;519
37.61;100;554;521
37.62;100;531;528
37.63;100;509;532
37.64;100;476;537
37.65;100;455;538
37.66;100;433;541
37.67;100;431;543
37.68;100;428;544
37.69;100;432;543
37.7;100;430;542
37.71;100;442;537
37.72;100;446;532
37.73;100;465;526
37.74;100;469;521
37.75;100;483;517
37.76;100;487;512
37.77;100;508;509
37.78;100;509;507
37.79;100;520;505
37.8;100;522;503
37.81;100;531;505
37.82;100;528;504
37.83;100;532;502
37.84;100;535;503
37.85;100;535;504
37.86;100;535;507
37.87;100;541;506
37.88;100;528;508
37.89;100;529;511
37.9;100;527;513
37.91;100;524;513
37.92;100;518;516
37.93;100;524;518
37.94;100;517;519
37.95;100;520;519
37.96;100;519;518
37.97;100;523;519
37.98;100;516;517
37.99;100;509;516
38;100;504;516
38.01;100;512;516
38.02;100;512;513
38.03;100;514;510
38.04;100;510;508
38.05;100;519;508
38.06;100;508;509
38.07;100;509;509
38.08;100;487;509
38.09;100;510;513
38.1;100;638;510
38.11;100;777;510
38.12;100;685;509
38.13;100;492;511
38.14;100;457;509
38.15;100;458;508
38.16;100;465;508
38.17;100;472;508
38.18;100;477;510
38.19;100;480;510
38.2;100;487;510
38.21;100;488;511
38.22;100;499;512
38.23;100;506;511
38.24;100;500;512
38.25;100;505;513
38.26;100;510;514
38.27;100;514;515
38.28;100;523;515
38.29;100;533;515
38.3;100;540;513
38.31;100;557;513
38.32;100;561;515
38.33;100;565;519
38.34;100;559;520
38.35;100;561;526
38.36;100;531;529
38.37;100;512;533
38.38;100;476;537
38.39;100;454;540
38.4;100;435;541
38.41;100;431;542
38.42;100;436;541
38.43;100;432;543
38.44;100;439;539
38.45;100;454;535
38.46;100;459;531
38.47;100;474;525
38.48;100;479;521
38.49;100;498;517
38.5;100;499;513
38.51;100;509;510
38.52;100;514;507
38.53;100;522;503
38.54;100;525;500
38.55;100;531;500
38.56;100;536;500
38.57;100;540;502
38.58;100;535;504
38.59;100;540;506
38.6;100;536;508
38.61;100;538;511
38.62;100;532;513
38.63;100;521;517
38.64;100;523;518
38.65;100;518;520
38.66;100;516;521
38.67;100;516;521
38.68;100;517;521
38.69;100;527;521
38.7;100;516;521
38.71;100;514;519
38.72;100;504;518
38.73;100;512;517
38.74;100;505;516
38.75;100;512;515
38.76;100;508;512
38.77;100;514;511
38.78;100;512;510
38.79;100;517;510
38.8;100;512;508
38.81;100;488;509
38.82;100;544;509
38.83;100;682;508
38.84;100;770;508
38.85;100;576;509
38.86;100;471;510
38.87;100;473;510
38.88;100;459;510
38.89;100;476;514
38.9;100;476;513
38.91;100;484;513
38.92;100;488;513
38.93;100;494;512
38.94;100;484;513
38.95;100;496;514
38.96;100;492;514
38.97;100;500;514
38.98;100;506;514
38.99;100;515;512
39;100;519;513
39.01;100;523;513
39.02;100;533;512
39.03;100;547;513
39.04;100;555;513
39.05;100;555;515
39.06;100;560;517
39.07;100;560;522
39.08;100;551;525
39.09;100;530;530
39.1;100;492;533
39.11;100;463;538
39.12;100;443;540
39.13;100;432;543
39.14;100;414;542
39.15;100;423;542
39.16;100;420;540
39.17;100;427;539
39.18;100;439;533
39.19;100;450;529
39.2;100;452;525
39.21;100;470;520
39.22;100;479;515
39.23;100;495;513
39.24;100;504;509
39.25;100;508;508
39.26;100;513;505
39.27;100;513;502
39.28;100;520;501
39.29;100;526;501
39.3;100;524;501
39.31;100;524;503
39.32;100;530;503
39.33;100;529;505
39.34;100;523;506
39.35;100;525;509
39.36;100;515;511
39.37;100;519;515
39.38;100;505;517
39.39;100;509;519
39.4;100;499;519
39.41;100;512;520
39.42;100;502;519
39.43;100;507;520
39.44;100;493;518
39.45;100;487;518
39.46;100;475;516
39.47;100;473;515
39.48;100;458;515
39.49;100;465;515
39.5;100;463;514
39.51;100;468;512
39.52;100;470;511
39.53;100;460;511
39.54;100;440;510
39.55;100;524;509
39.56;100;673;507
39.57;100;756;507
39.58;100;502;507
39.59;100;449;508
39.6;100;435;509
39.61;100;444;510
39.62;100;449;513
39.63;100;457;511
39.64;100;463;512
39.65;100;469;513
39.66;100;476;512
39.67;100;482;513
39.68;100;486;513
39.69;100;489;514
39.7;100;486;513
39.71;100;496;516
39.72;100;503;515
39.73;100;509;516
39.74;100;508;517
39.75;100;525;513
39.76;100;536;512
39.77;100;546;513
39.78;100;555;515
39.79;100;563;517
39.8;100;551;521
39.81;100;544;524
39.82;100;519;529
39.83;100;489;534
39.84;100;459;538
39.85;100;445;543
39.86;100;430;542
39.87;100;429;545
39.88;100;422;544
39.89;100;428;543
39.9;100;434;539
39.91;100;447;535
39.92;100;451;529
39.93;100;470;525
39.94;100;475;519
39.95;100;490;515
39.96;100;508;511
39.97;100;512;508
39.98;100;514;506
39.99;100;524;504
