time;SamplingFrequency;Pulse
0;100;524
0.01;100;533
0.02;100;538
0.03;100;540
0.04;100;543
0.05;100;545
0.06;100;545
0.07;100;542
0.08;100;540
0.09;100;538
0.1;100;532
0.11;100;530
0.12;100;526
0.13;100;521
0.14;100;517
0.15;100;512
0.16;100;511
0.17;100;509
0.18;100;508
0.19;100;508
0.2;100;507
0.21;100;504
0.22;100;508
0.23;100;509
0.24;100;508
0.25;100;512
0.26;100;511
0.27;100;513
0.28;100;519
0.29;100;518
0.3;100;518
0.31;100;519
0.32;100;521
0.33;100;520
0.34;100;521
0.35;100;521
0.36;100;519
0.37;100;519
0.38;100;519
0.39;100;518
0.4;100;516
0.41;100;515
0.42;100;514
0.43;100;512
0.44;100;512
0.45;100;512
0.46;100;514
0.47;100;511
0.48;100;510
0.49;100;513
0.5;100;511
0.51;100;512
0.52;100;514
0.53;100;514
0.54;100;514
0.55;100;514
0.56;100;514
0.57;100;516
0.58;100;515
0.59;100;516
0.6;100;516
0.61;100;518
0.62;100;516
0.63;100;516
0.64;100;516
0.65;100;514
0.66;100;515
0.67;100;518
0.68;100;515
0.69;100;515
0.7;100;516
0.71;100;515
0.72;100;515
0.73;100;515
0.74;100;513
0.75;100;516
0.76;100;516
0.77;100;518
0.78;100;519
0.79;100;521
0.8;100;526
0.81;100;529
0.82;100;534
0.83;100;536
0.84;100;537
0.85;100;540
0.86;100;542
0.87;100;540
0.88;100;538
0.89;100;536
0.9;100;531
0.91;100;527
0.92;100;524
0.93;100;519
0.94;100;515
0.95;100;511
0.96;100;510
0.97;100;509
0.98;100;508
0.99;100;508
1;100;508
1.01;100;508
1.02;100;506
1.03;100;510
1.04;100;512
1.05;100;513
1.06;100;512
1.07;100;517
1.08;100;517
1.09;100;522
1.1;100;520
1.11;100;521
1.12;100;522
1.13;100;521
1.14;100;521
1.15;100;519
1.16;100;520
1.17;100;518
1.18;100;516
1.19;100;516
1.2;100;514
1.21;100;513
1.22;100;513
1.23;100;512
1.24;100;513
1.25;100;513
1.26;100;513
1.27;100;512
1.28;100;513
1.29;100;511
1.3;100;513
1.31;100;512
1.32;100;512
1.33;100;516
1.34;100;515
1.35;100;513
1.36;100;512
1.37;100;514
1.38;100;513
1.39;100;514
1.4;100;515
1.41;100;515
1.42;100;517
1.43;100;517
1.44;100;517
1.45;100;518
1.46;100;517
1.47;100;517
1.48;100;516
1.49;100;516
1.5;100;515
1.51;100;517
1.52;100;515
1.53;100;515
1.54;100;516
1.55;100;515
1.56;100;514
1.57;100;514
1.58;100;514
1.59;100;516
1.6;100;519
1.61;100;524
1.62;100;529
1.63;100;532
1.64;100;536
1.65;100;539
1.66;100;539
1.67;100;541
1.68;100;542
1.69;100;538
1.7;100;539
1.71;100;534
1.72;100;532
1.73;100;525
1.74;100;521
1.75;100;519
1.76;100;515
1.77;100;512
1.78;100;510
1.79;100;509
1.8;100;508
1.81;100;507
1.82;100;508
1.83;100;509
1.84;100;508
1.85;100;510
1.86;100;511
1.87;100;513
1.88;100;515
1.89;100;518
1.9;100;518
1.91;100;518
1.92;100;519
1.93;100;521
1.94;100;524
1.95;100;521
1.96;100;521
1.97;100;521
1.98;100;519
1.99;100;519
2;100;519
2.01;100;517
2.02;100;515
2.03;100;515
2.04;100;513
2.05;100;513
2.06;100;511
2.07;100;512
2.08;100;512
2.09;100;509
2.1;100;511
2.11;100;508
2.12;100;512
2.13;100;513
2.14;100;511
2.15;100;511
2.16;100;512
2.17;100;513
2.18;100;513
2.19;100;514
2.2;100;516
2.21;100;516
2.22;100;515
2.23;100;515
2.24;100;516
2.25;100;516
2.26;100;516
2.27;100;515
2.28;100;515
2.29;100;516
2.3;100;516
2.31;100;515
2.32;100;515
2.33;100;514
2.34;100;514
2.35;100;513
2.36;100;514
2.37;100;512
2.38;100;512
2.39;100;512
2.4;100;514
2.41;100;518
2.42;100;517
2.43;100;520
2.44;100;525
2.45;100;528
2.46;100;533
2.47;100;536
2.48;100;538
2.49;100;541
2.5;100;543
2.51;100;542
2.52;100;540
2.53;100;538
2.54;100;534
2.55;100;530
2.56;100;526
2.57;100;521
2.58;100;517
2.59;100;513
2.6;100;510
2.61;100;511
2.62;100;508
2.63;100;505
2.64;100;504
2.65;100;505
2.66;100;506
2.67;100;508
2.68;100;509
2.69;100;512
2.7;100;514
2.71;100;515
2.72;100;516
2.73;100;517
2.74;100;519
2.75;100;520
2.76;100;518
2.77;100;520
2.78;100;517
2.79;100;521
2.8;100;518
2.81;100;519
2.82;100;516
2.83;100;515
2.84;100;515
2.85;100;513
2.86;100;512
2.87;100;510
2.88;100;511
2.89;100;512
2.9;100;510
2.91;100;510
2.92;100;511
2.93;100;513
2.94;100;513
2.95;100;515
2.96;100;512
2.97;100;515
2.98;100;515
2.99;100;513
3;100;514
3.01;100;516
3.02;100;515
3.03;100;514
3.04;100;516
3.05;100;516
3.06;100;515
3.07;100;515
3.08;100;516
3.09;100;514
3.1;100;513
3.11;100;514
3.12;100;514
3.13;100;514
3.14;100;513
3.15;100;513
3.16;100;513
3.17;100;514
3.18;100;514
3.19;100;514
3.2;100;514
3.21;100;513
3.22;100;519
3.23;100;521
3.24;100;525
3.25;100;527
3.26;100;533
3.27;100;534
3.28;100;537
3.29;100;538
3.3;100;538
3.31;100;537
3.32;100;535
3.33;100;533
3.34;100;530
3.35;100;526
3.36;100;523
3.37;100;519
3.38;100;514
3.39;100;513
3.4;100;511
3.41;100;507
3.42;100;506
3.43;100;504
3.44;100;505
3.45;100;506
3.46;100;506
3.47;100;509
3.48;100;508
3.49;100;511
3.5;100;513
3.51;100;513
3.52;100;515
3.53;100;517
3.54;100;519
3.55;100;519
3.56;100;521
3.57;100;520
3.58;100;520
3.59;100;519
3.6;100;519
3.61;100;518
3.62;100;517
3.63;100;518
3.64;100;516
3.65;100;514
3.66;100;512
3.67;100;511
3.68;100;511
3.69;100;511
3.7;100;511
3.71;100;509
3.72;100;508
3.73;100;509
3.74;100;511
3.75;100;510
3.76;100;511
3.77;100;511
3.78;100;512
3.79;100;512
3.8;100;514
3.81;100;513
3.82;100;513
3.83;100;515
3.84;100;514
3.85;100;515
3.86;100;517
3.87;100;516
3.88;100;516
3.89;100;515
3.9;100;516
3.91;100;515
3.92;100;514
3.93;100;513
3.94;100;513
3.95;100;514
3.96;100;512
3.97;100;513
3.98;100;514
3.99;100;515
4;100;516
4.01;100;521
4.02;100;524
4.03;100;529
4.04;100;532
4.05;100;535
4.06;100;538
4.07;100;540
4.08;100;541
4.09;100;539
4.1;100;536
4.11;100;534
4.12;100;532
4.13;100;528
4.14;100;524
4.15;100;519
4.16;100;514
4.17;100;512
4.18;100;509
4.19;100;508
4.2;100;509
4.21;100;505
4.22;100;507
4.23;100;506
4.24;100;507
4.25;100;507
4.26;100;510
4.27;100;510
4.28;100;512
4.29;100;516
4.3;100;517
4.31;100;517
4.32;100;519
4.33;100;519
4.34;100;518
4.35;100;519
4.36;100;518
4.37;100;518
4.38;100;516
4.39;100;515
4.4;100;513
4.41;100;512
4.42;100;513
4.43;100;511
4.44;100;511
4.45;100;509
4.46;100;511
4.47;100;511
4.48;100;511
4.49;100;511
4.5;100;509
4.51;100;510
4.52;100;512
4.53;100;512
4.54;100;513
4.55;100;513
4.56;100;512
4.57;100;512
4.58;100;512
4.59;100;512
4.6;100;513
4.61;100;515
4.62;100;513
4.63;100;515
4.64;100;515
4.65;100;514
4.66;100;515
4.67;100;515
4.68;100;513
4.69;100;513
4.7;100;514
4.71;100;514
4.72;100;512
4.73;100;513
4.74;100;513
4.75;100;512
4.76;100;512
4.77;100;514
4.78;100;514
4.79;100;513
4.8;100;514
4.81;100;513
4.82;100;514
4.83;100;518
4.84;100;519
4.85;100;522
4.86;100;524
4.87;100;527
4.88;100;533
4.89;100;538
4.9;100;540
4.91;100;543
4.92;100;543
4.93;100;542
4.94;100;539
4.95;100;537
4.96;100;533
4.97;100;528
4.98;100;525
4.99;100;519
5;100;517
5.01;100;514
5.02;100;512
5.03;100;508
5.04;100;507
5.05;100;505
5.06;100;504
5.07;100;505
5.08;100;504
5.09;100;505
5.1;100;506
5.11;100;508
5.12;100;508
5.13;100;512
5.14;100;514
5.15;100;516
5.16;100;515
5.17;100;517
5.18;100;519
5.19;100;519
5.2;100;518
5.21;100;517
5.22;100;516
5.23;100;515
5.24;100;517
5.25;100;513
5.26;100;515
5.27;100;512
5.28;100;514
5.29;100;513
5.3;100;512
5.31;100;510
5.32;100;508
5.33;100;511
5.34;100;510
5.35;100;510
5.36;100;513
5.37;100;513
5.38;100;513
5.39;100;515
5.4;100;512
5.41;100;514
5.42;100;515
5.43;100;514
5.44;100;514
5.45;100;511
5.46;100;511
5.47;100;512
5.48;100;512
5.49;100;512
5.5;100;512
5.51;100;512
5.52;100;513
5.53;100;512
5.54;100;512
5.55;100;514
5.56;100;513
5.57;100;515
5.58;100;516
5.59;100;515
5.6;100;518
5.61;100;514
5.62;100;513
5.63;100;513
5.64;100;513
5.65;100;512
5.66;100;512
5.67;100;513
5.68;100;517
5.69;100;515
5.7;100;519
5.71;100;523
5.72;100;527
5.73;100;531
5.74;100;537
5.75;100;539
5.76;100;540
5.77;100;540
5.78;100;539
5.79;100;537
5.8;100;535
5.81;100;530
5.82;100;524
5.83;100;521
5.84;100;519
5.85;100;511
5.86;100;511
5.87;100;510
5.88;100;505
5.89;100;507
5.9;100;505
5.91;100;505
5.92;100;503
5.93;100;504
5.94;100;506
5.95;100;508
5.96;100;510
5.97;100;512
5.98;100;516
5.99;100;518
6;100;519
6.01;100;521
6.02;100;519
6.03;100;521
6.04;100;517
6.05;100;519
6.06;100;519
6.07;100;517
6.08;100;512
6.09;100;511
6.1;100;512
6.11;100;512
6.12;100;515
6.13;100;510
6.14;100;511
6.15;100;510
6.16;100;513
6.17;100;510
6.18;100;512
6.19;100;510
6.2;100;511
6.21;100;514
6.22;100;512
6.23;100;513
6.24;100;513
6.25;100;511
6.26;100;512
6.27;100;512
6.28;100;516
6.29;100;512
6.3;100;512
6.31;100;515
6.32;100;512
6.33;100;513
6.34;100;513
6.35;100;515
6.36;100;512
6.37;100;511
6.38;100;512
6.39;100;513
6.4;100;513
6.41;100;515
6.42;100;514
6.43;100;516
6.44;100;514
6.45;100;515
6.46;100;516
6.47;100;519
6.48;100;521
6.49;100;524
6.5;100;526
6.51;100;529
6.52;100;535
6.53;100;534
6.54;100;536
6.55;100;536
6.56;100;535
6.57;100;532
6.58;100;533
6.59;100;528
6.6;100;523
6.61;100;518
6.62;100;516
6.63;100;511
6.64;100;510
6.65;100;505
6.66;100;507
6.67;100;507
6.68;100;505
6.69;100;507
6.7;100;506
6.71;100;507
6.72;100;506
6.73;100;508
6.74;100;509
6.75;100;511
6.76;100;514
6.77;100;515
6.78;100;516
6.79;100;521
6.8;100;522
6.81;100;521
6.82;100;518
6.83;100;520
6.84;100;518
6.85;100;521
6.86;100;517
6.87;100;515
6.88;100;518
6.89;100;516
6.9;100;512
6.91;100;511
6.92;100;510
6.93;100;509
6.94;100;511
6.95;100;510
6.96;100;511
6.97;100;507
6.98;100;507
6.99;100;509
7;100;508
7.01;100;509
7.02;100;511
7.03;100;511
7.04;100;511
7.05;100;513
7.06;100;514
7.07;100;515
7.08;100;514
7.09;100;516
7.1;100;516
7.11;100;513
7.12;100;515
7.13;100;514
7.14;100;516
7.15;100;514
7.16;100;515
7.17;100;512
7.18;100;512
7.19;100;511
7.2;100;511
7.21;100;509
7.22;100;510
7.23;100;513
7.24;100;516
7.25;100;519
7.26;100;524
7.27;100;526
7.28;100;530
7.29;100;539
7.3;100;540
7.31;100;539
7.32;100;539
7.33;100;542
7.34;100;540
7.35;100;536
7.36;100;528
7.37;100;526
7.38;100;521
7.39;100;521
7.4;100;516
7.41;100;515
7.42;100;510
7.43;100;509
7.44;100;508
7.45;100;506
7.46;100;507
7.47;100;508
7.48;100;507
7.49;100;509
7.5;100;510
7.51;100;513
7.52;100;510
7.53;100;511
7.54;100;516
7.55;100;515
7.56;100;520
7.57;100;518
7.58;100;519
7.59;100;516
7.6;100;516
7.61;100;516
7.62;100;516
7.63;100;515
7.64;100;515
7.65;100;513
7.66;100;511
7.67;100;512
7.68;100;509
7.69;100;507
7.7;100;511
7.71;100;510
7.72;100;507
7.73;100;511
7.74;100;511
7.75;100;510
7.76;100;510
7.77;100;510
7.78;100;510
7.79;100;510
7.8;100;514
7.81;100;511
7.82;100;514
7.83;100;514
7.84;100;515
7.85;100;513
7.86;100;515
7.87;100;515
7.88;100;515
7.89;100;513
7.9;100;514
7.91;100;515
7.92;100;515
7.93;100;512
7.94;100;513
7.95;100;510
7.96;100;514
7.97;100;514
7.98;100;513
7.99;100;512
8;100;509
8.01;100;511
8.02;100;515
8.03;100;515
8.04;100;516
8.05;100;520
8.06;100;526
8.07;100;530
8.08;100;535
8.09;100;539
8.1;100;539
8.11;100;544
8.12;100;540
8.13;100;540
8.14;100;539
8.15;100;533
8.16;100;531
8.17;100;523
8.18;100;522
8.19;100;516
8.2;100;514
8.21;100;515
8.22;100;508
8.23;100;508
8.24;100;505
8.25;100;505
8.26;100;507
8.27;100;504
8.28;100;508
8.29;100;508
8.3;100;507
8.31;100;510
8.32;100;513
8.33;100;512
8.34;100;515
8.35;100;518
8.36;100;515
8.37;100;518
8.38;100;515
8.39;100;515
8.4;100;518
8.41;100;518
8.42;100;517
8.43;100;513
8.44;100;513
8.45;100;515
8.46;100;511
8.47;100;513
8.48;100;513
8.49;100;510
8.5;100;508
8.51;100;508
8.52;100;512
8.53;100;508
8.54;100;510
8.55;100;512
8.56;100;511
8.57;100;512
8.58;100;509
8.59;100;510
8.6;100;515
8.61;100;515
8.62;100;515
8.63;100;515
8.64;100;511
8.65;100;512
8.66;100;516
8.67;100;514
8.68;100;517
8.69;100;514
8.7;100;514
8.71;100;513
8.72;100;512
8.73;100;511
8.74;100;512
8.75;100;510
8.76;100;511
8.77;100;512
8.78;100;514
8.79;100;513
8.8;100;511
8.81;100;513
8.82;100;518
8.83;100;516
8.84;100;520
8.85;100;527
8.86;100;529
8.87;100;531
8.88;100;535
8.89;100;537
8.9;100;537
8.91;100;537
8.92;100;536
8.93;100;534
8.94;100;530
8.95;100;528
8.96;100;525
8.97;100;523
8.98;100;518
8.99;100;516
9;100;514
9.01;100;510
9.02;100;510
9.03;100;507
9.04;100;505
9.05;100;502
9.06;100;502
9.07;100;506
9.08;100;504
9.09;100;507
9.1;100;512
9.11;100;511
9.12;100;513
9.13;100;515
9.14;100;516
9.15;100;516
9.16;100;516
9.17;100;517
9.18;100;518
9.19;100;517
9.2;100;517
9.21;100;517
9.22;100;515
9.23;100;516
9.24;100;511
9.25;100;512
9.26;100;511
9.27;100;510
9.28;100;507
9.29;100;506
9.3;100;507
9.31;100;511
9.32;100;508
9.33;100;511
9.34;100;509
9.35;100;512
9.36;100;511
9.37;100;511
9.38;100;512
9.39;100;515
9.4;100;513
9.41;100;515
9.42;100;516
9.43;100;516
9.44;100;513
9.45;100;513
9.46;100;515
9.47;100;512
9.48;100;512
9.49;100;515
9.5;100;512
9.51;100;511
9.52;100;511
9.53;100;511
9.54;100;514
9.55;100;510
9.56;100;512
9.57;100;510
9.58;100;511
9.59;100;510
9.6;100;511
9.61;100;511
9.62;100;512
9.63;100;513
9.64;100;515
9.65;100;515
9.66;100;519
9.67;100;519
9.68;100;523
9.69;100;529
9.7;100;531
9.71;100;535
9.72;100;539
9.73;100;543
9.74;100;541
9.75;100;541
9.76;100;540
9.77;100;537
9.78;100;535
9.79;100;529
9.8;100;526
9.81;100;522
9.82;100;519
9.83;100;515
9.84;100;515
9.85;100;511
9.86;100;508
9.87;100;506
9.88;100;505
9.89;100;508
9.9;100;507
9.91;100;507
9.92;100;507
9.93;100;507
9.94;100;511
9.95;100;511
9.96;100;513
9.97;100;513
9.98;100;515
9.99;100;515
10;100;516
10.01;100;518
10.02;100;518
10.03;100;519
10.04;100;515
10.05;100;518
10.06;100;515
10.07;100;514
10.08;100;513
10.09;100;511
10.1;100;513
10.11;100;510
10.12;100;509
10.13;100;508
10.14;100;509
10.15;100;508
10.16;100;508
10.17;100;509
10.18;100;509
10.19;100;510
10.2;100;509
10.21;100;511
10.22;100;511
10.23;100;511
10.24;100;512
10.25;100;514
10.26;100;515
10.27;100;513
10.28;100;513
10.29;100;514
10.3;100;515
10.31;100;514
10.32;100;513
10.33;100;512
10.34;100;512
10.35;100;512
10.36;100;514
10.37;100;513
10.38;100;512
10.39;100;513
10.4;100;512
10.41;100;512
10.42;100;511
10.43;100;510
10.44;100;511
10.45;100;512
10.46;100;513
10.47;100;513
10.48;100;514
10.49;100;513
10.5;100;516
10.51;100;514
10.52;100;514
10.53;100;514
10.54;100;514
10.55;100;515
10.56;100;517
10.57;100;523
10.58;100;527
10.59;100;534
10.6;100;536
10.61;100;540
10.62;100;544
10.63;100;543
10.64;100;542
10.65;100;540
10.66;100;539
10.67;100;535
10.68;100;532
10.69;100;527
10.7;100;523
10.71;100;519
10.72;100;513
10.73;100;511
10.74;100;511
10.75;100;508
10.76;100;508
10.77;100;505
10.78;100;505
10.79;100;505
10.8;100;507
10.81;100;507
10.82;100;508
10.83;100;508
10.84;100;510
10.85;100;512
10.86;100;514
10.87;100;513
10.88;100;515
10.89;100;517
10.9;100;517
10.91;100;520
10.92;100;518
10.93;100;518
10.94;100;517
10.95;100;516
10.96;100;515
10.97;100;513
10.98;100;514
10.99;100;512
11;100;512
11.01;100;511
11.02;100;509
11.03;100;510
11.04;100;508
11.05;100;509
11.06;100;509
11.07;100;510
11.08;100;511
11.09;100;509
11.1;100;510
11.11;100;510
11.12;100;513
11.13;100;513
11.14;100;514
11.15;100;512
11.16;100;513
11.17;100;515
11.18;100;513
11.19;100;512
11.2;100;512
11.21;100;513
11.22;100;513
11.23;100;514
11.24;100;515
11.25;100;513
11.26;100;514
11.27;100;513
11.28;100;515
11.29;100;513
11.3;100;514
11.31;100;513
11.32;100;513
11.33;100;512
11.34;100;512
11.35;100;512
11.36;100;511
11.37;100;514
11.38;100;512
11.39;100;514
11.4;100;514
11.41;100;515
11.42;100;518
11.43;100;522
11.44;100;526
11.45;100;530
11.46;100;532
11.47;100;536
11.48;100;538
11.49;100;539
11.5;100;540
11.51;100;537
11.52;100;536
11.53;100;533
11.54;100;529
11.55;100;524
11.56;100;520
11.57;100;517
11.58;100;514
11.59;100;509
11.6;100;508
11.61;100;506
11.62;100;505
11.63;100;504
11.64;100;505
11.65;100;504
11.66;100;506
11.67;100;507
11.68;100;510
11.69;100;512
11.7;100;513
11.71;100;514
11.72;100;516
11.73;100;517
11.74;100;519
11.75;100;520
11.76;100;518
11.77;100;520
11.78;100;517
11.79;100;519
11.8;100;516
11.81;100;513
11.82;100;512
11.83;100;510
11.84;100;511
11.85;100;509
11.86;100;509
11.87;100;510
11.88;100;511
11.89;100;510
11.9;100;510
11.91;100;512
11.92;100;511
11.93;100;512
11.94;100;512
11.95;100;512
11.96;100;512
11.97;100;515
11.98;100;512
11.99;100;514
12;100;511
12.01;100;511
12.02;100;514
12.03;100;513
12.04;100;513
12.05;100;513
12.06;100;515
12.07;100;514
12.08;100;517
12.09;100;512
12.1;100;514
12.11;100;513
12.12;100;514
12.13;100;514
12.14;100;513
12.15;100;512
12.16;100;513
12.17;100;514
12.18;100;514
12.19;100;513
12.2;100;516
12.21;100;512
12.22;100;517
12.23;100;513
12.24;100;518
12.25;100;516
12.26;100;522
12.27;100;527
12.28;100;529
12.29;100;535
12.3;100;538
12.31;100;540
12.32;100;541
12.33;100;540
12.34;100;540
12.35;100;536
12.36;100;532
12.37;100;529
12.38;100;524
12.39;100;520
12.4;100;518
12.41;100;511
12.42;100;508
12.43;100;508
12.44;100;508
12.45;100;504
12.46;100;503
12.47;100;502
12.48;100;506
12.49;100;505
12.5;100;506
12.51;100;508
12.52;100;511
12.53;100;514
12.54;100;515
12.55;100;515
12.56;100;515
12.57;100;519
12.58;100;521
12.59;100;518
12.6;100;520
12.61;100;518
12.62;100;516
12.63;100;519
12.64;100;513
12.65;100;512
12.66;100;514
12.67;100;512
12.68;100;512
12.69;100;509
12.7;100;512
12.71;100;512
12.72;100;508
12.73;100;511
12.74;100;508
12.75;100;508
12.76;100;508
12.77;100;513
12.78;100;508
12.79;100;512
12.8;100;513
12.81;100;514
12.82;100;512
12.83;100;515
12.84;100;512
12.85;100;516
12.86;100;511
12.87;100;510
12.88;100;510
12.89;100;509
12.9;100;513
12.91;100;516
12.92;100;515
12.93;100;515
12.94;100;515
12.95;100;517
12.96;100;518
12.97;100;517
12.98;100;515
12.99;100;516
13;100;516
13.01;100;516
13.02;100;516
13.03;100;518
13.04;100;513
13.05;100;512
13.06;100;514
13.07;100;511
13.08;100;514
13.09;100;513
13.1;100;512
13.11;100;512
13.12;100;518
13.13;100;522
13.14;100;524
13.15;100;529
13.16;100;532
13.17;100;535
13.18;100;541
13.19;100;540
13.2;100;540
13.21;100;537
13.22;100;536
13.23;100;530
13.24;100;529
13.25;100;522
13.26;100;520
13.27;100;517
13.28;100;516
13.29;100;508
13.3;100;506
13.31;100;508
13.32;100;508
13.33;100;504
13.34;100;506
13.35;100;507
13.36;100;505
13.37;100;510
13.38;100;510
13.39;100;510
13.4;100;510
13.41;100;514
13.42;100;516
13.43;100;517
13.44;100;519
13.45;100;520
13.46;100;521
13.47;100;521
13.48;100;518
13.49;100;520
13.5;100;516
13.51;100;518
13.52;100;517
13.53;100;512
13.54;100;512
13.55;100;513
13.56;100;512
13.57;100;508
13.58;100;511
13.59;100;511
13.6;100;511
13.61;100;512
13.62;100;513
13.63;100;512
13.64;100;509
13.65;100;513
13.66;100;512
13.67;100;510
13.68;100;514
13.69;100;510
13.7;100;511
13.71;100;514
13.72;100;515
13.73;100;513
13.74;100;512
13.75;100;512
13.76;100;516
13.77;100;515
13.78;100;515
13.79;100;512
13.8;100;513
13.81;100;516
13.82;100;516
13.83;100;516
13.84;100;514
13.85;100;516
13.86;100;516
13.87;100;519
13.88;100;517
13.89;100;518
13.9;100;513
13.91;100;512
13.92;100;514
13.93;100;511
13.94;100;514
13.95;100;511
13.96;100;516
13.97;100;517
13.98;100;516
13.99;100;522
14;100;526
14.01;100;529
14.02;100;534
14.03;100;537
14.04;100;540
14.05;100;536
14.06;100;538
14.07;100;537
14.08;100;533
14.09;100;530
14.1;100;523
14.11;100;521
14.12;100;519
14.13;100;516
14.14;100;510
14.15;100;507
14.16;100;505
14.17;100;508
14.18;100;507
14.19;100;504
14.2;100;508
14.21;100;508
14.22;100;506
14.23;100;507
14.24;100;511
14.25;100;513
14.26;100;514
14.27;100;516
14.28;100;518
14.29;100;516
14.3;100;519
14.31;100;521
14.32;100;519
14.33;100;519
14.34;100;518
14.35;100;520
14.36;100;516
14.37;100;515
14.38;100;513
14.39;100;512
14.4;100;511
14.41;100;512
14.42;100;511
14.43;100;512
14.44;100;512
14.45;100;513
14.46;100;513
14.47;100;512
14.48;100;513
14.49;100;514
14.5;100;513
14.51;100;516
14.52;100;517
14.53;100;512
14.54;100;517
14.55;100;514
14.56;100;517
14.57;100;516
14.58;100;520
14.59;100;513
14.6;100;513
14.61;100;515
14.62;100;516
14.63;100;515
14.64;100;512
14.65;100;511
14.66;100;514
14.67;100;514
14.68;100;516
14.69;100;514
14.7;100;512
14.71;100;511
14.72;100;514
14.73;100;515
14.74;100;516
14.75;100;515
14.76;100;518
14.77;100;521
14.78;100;525
14.79;100;527
14.8;100;531
14.81;100;534
14.82;100;534
14.83;100;536
14.84;100;536
14.85;100;535
14.86;100;530
14.87;100;529
14.88;100;524
14.89;100;519
14.9;100;519
14.91;100;515
14.92;100;513
14.93;100;510
14.94;100;509
14.95;100;508
14.96;100;510
14.97;100;506
14.98;100;511
14.99;100;506
15;100;508
15.01;100;508
15.02;100;509
15.03;100;510
15.04;100;514
15.05;100;515
15.06;100;516
15.07;100;515
15.08;100;518
15.09;100;520
15.1;100;519
15.11;100;520
15.12;100;520
15.13;100;520
15.14;100;519
15.15;100;520
15.16;100;519
15.17;100;514
15.18;100;514
15.19;100;514
15.2;100;512
15.21;100;512
15.22;100;510
15.23;100;511
15.24;100;510
15.25;100;509
15.26;100;509
15.27;100;512
15.28;100;511
15.29;100;512
15.3;100;513
15.31;100;514
15.32;100;515
15.33;100;516
15.34;100;517
15.35;100;517
15.36;100;514
15.37;100;517
15.38;100;515
15.39;100;516
15.4;100;519
15.41;100;514
15.42;100;514
15.43;100;513
15.44;100;512
15.45;100;512
15.46;100;512
15.47;100;511
15.48;100;514
15.49;100;515
15.5;100;512
15.51;100;512
15.52;100;512
15.53;100;515
15.54;100;519
15.55;100;521
15.56;100;524
15.57;100;527
15.58;100;529
15.59;100;534
15.6;100;538
15.61;100;538
15.62;100;539
15.63;100;538
15.64;100;536
15.65;100;534
15.66;100;529
15.67;100;524
15.68;100;521
15.69;100;518
15.7;100;515
15.71;100;511
15.72;100;510
15.73;100;509
15.74;100;509
15.75;100;507
15.76;100;508
15.77;100;506
15.78;100;506
15.79;100;508
15.8;100;508
15.81;100;509
15.82;100;514
15.83;100;512
15.84;100;515
15.85;100;516
15.86;100;518
15.87;100;518
15.88;100;521
15.89;100;519
15.9;100;519
15.91;100;520
15.92;100;519
15.93;100;518
15.94;100;518
15.95;100;515
15.96;100;514
15.97;100;513
15.98;100;514
15.99;100;512
16;100;513
16.01;100;510
16.02;100;513
16.03;100;511
16.04;100;510
16.05;100;513
16.06;100;510
16.07;100;510
16.08;100;511
16.09;100;511
16.1;100;513
16.11;100;513
16.12;100;513
16.13;100;515
16.14;100;513
16.15;100;513
16.16;100;516
16.17;100;516
16.18;100;516
16.19;100;515
16.2;100;516
16.21;100;516
16.22;100;519
16.23;100;517
16.24;100;518
16.25;100;516
16.26;100;515
16.27;100;514
16.28;100;514
16.29;100;515
16.3;100;513
16.31;100;512
16.32;100;513
16.33;100;515
16.34;100;518
16.35;100;523
16.36;100;527
16.37;100;531
16.38;100;535
16.39;100;536
16.4;100;537
16.41;100;537
16.42;100;535
16.43;100;535
16.44;100;531
16.45;100;529
16.46;100;524
16.47;100;519
16.48;100;515
16.49;100;513
16.5;100;511
16.51;100;508
16.52;100;507
16.53;100;507
16.54;100;507
16.55;100;505
16.56;100;506
16.57;100;507
16.58;100;509
16.59;100;509
16.6;100;512
16.61;100;512
16.62;100;515
16.63;100;516
16.64;100;516
16.65;100;518
16.66;100;519
16.67;100;519
16.68;100;520
16.69;100;521
16.7;100;520
16.71;100;518
16.72;100;516
16.73;100;514
16.74;100;513
16.75;100;514
16.76;100;513
16.77;100;513
16.78;100;514
16.79;100;512
16.8;100;513
16.81;100;512
16.82;100;512
16.83;100;512
16.84;100;512
16.85;100;512
16.86;100;512
16.87;100;512
16.88;100;512
16.89;100;512
16.9;100;511
16.91;100;515
16.92;100;515
16.93;100;516
16.94;100;515
16.95;100;515
16.96;100;515
16.97;100;514
16.98;100;514
16.99;100;514
17;100;515
17.01;100;515
17.02;100;517
17.03;100;515
17.04;100;515
17.05;100;515
17.06;100;517
17.07;100;519
17.08;100;520
17.09;100;524
17.1;100;526
17.11;100;528
17.12;100;532
17.13;100;534
17.14;100;535
17.15;100;535
17.16;100;535
17.17;100;532
17.18;100;529
17.19;100;527
17.2;100;521
17.21;100;516
17.22;100;514
17.23;100;510
17.24;100;508
17.25;100;506
17.26;100;506
17.27;100;506
17.28;100;506
17.29;100;507
17.3;100;508
17.31;100;508
17.32;100;513
17.33;100;514
17.34;100;515
17.35;100;516
17.36;100;519
17.37;100;518
17.38;100;520
17.39;100;519
17.4;100;520
17.41;100;520
17.42;100;521
17.43;100;521
17.44;100;519
17.45;100;517
17.46;100;517
17.47;100;517
17.48;100;515
17.49;100;513
17.5;100;514
17.51;100;512
17.52;100;512
17.53;100;512
17.54;100;512
17.55;100;511
17.56;100;511
17.57;100;511
17.58;100;512
17.59;100;511
17.6;100;512
17.61;100;511
17.62;100;512
17.63;100;514
17.64;100;513
17.65;100;515
17.66;100;515
17.67;100;516
17.68;100;517
17.69;100;516
17.7;100;518
17.71;100;519
17.72;100;516
17.73;100;516
17.74;100;517
17.75;100;517
17.76;100;515
17.77;100;513
17.78;100;516
17.79;100;516
17.8;100;518
17.81;100;519
17.82;100;526
17.83;100;526
17.84;100;531
17.85;100;535
17.86;100;535
17.87;100;535
17.88;100;537
17.89;100;536
17.9;100;534
17.91;100;531
17.92;100;527
17.93;100;524
17.94;100;521
17.95;100;515
17.96;100;515
17.97;100;513
17.98;100;511
17.99;100;509
18;100;507
18.01;100;508
18.02;100;506
18.03;100;508
18.04;100;507
18.05;100;508
18.06;100;510
18.07;100;512
18.08;100;516
18.09;100;515
18.1;100;516
18.11;100;518
18.12;100;519
18.13;100;520
18.14;100;521
18.15;100;519
18.16;100;521
18.17;100;520
18.18;100;517
18.19;100;515
18.2;100;517
18.21;100;514
18.22;100;513
18.23;100;511
18.24;100;508
18.25;100;509
18.26;100;510
18.27;100;510
18.28;100;513
18.29;100;512
18.3;100;511
18.31;100;513
18.32;100;513
18.33;100;515
18.34;100;513
18.35;100;516
18.36;100;513
18.37;100;515
18.38;100;512
18.39;100;513
18.4;100;515
18.41;100;515
18.42;100;515
18.43;100;513
18.44;100;514
18.45;100;516
18.46;100;513
18.47;100;513
18.48;100;516
18.49;100;514
18.5;100;513
18.51;100;513
18.52;100;515
18.53;100;515
18.54;100;515
18.55;100;517
18.56;100;524
18.57;100;528
18.58;100;531
18.59;100;534
18.6;100;539
18.61;100;539
18.62;100;540
18.63;100;538
18.64;100;537
18.65;100;535
18.66;100;529
18.67;100;526
18.68;100;525
18.69;100;519
18.7;100;515
18.71;100;515
18.72;100;512
18.73;100;510
18.74;100;510
18.75;100;509
18.76;100;510
18.77;100;508
18.78;100;508
18.79;100;510
18.8;100;510
18.81;100;511
18.82;100;512
18.83;100;511
18.84;100;513
18.85;100;517
18.86;100;518
18.87;100;519
18.88;100;517
18.89;100;516
18.9;100;520
18.91;100;519
18.92;100;516
18.93;100;516
18.94;100;516
18.95;100;515
18.96;100;513
18.97;100;513
18.98;100;512
18.99;100;513
19;100;512
19.01;100;511
19.02;100;512
19.03;100;513
19.04;100;511
19.05;100;512
19.06;100;512
19.07;100;510
19.08;100;511
19.09;100;513
19.1;100;512
19.11;100;512
19.12;100;514
19.13;100;515
19.14;100;514
19.15;100;513
19.16;100;513
19.17;100;514
19.18;100;514
19.19;100;515
19.2;100;513
19.21;100;514
19.22;100;516
19.23;100;515
19.24;100;515
19.25;100;513
19.26;100;514
19.27;100;513
19.28;100;513
19.29;100;512
19.3;100;511
19.31;100;512
19.32;100;513
19.33;100;516
19.34;100;519
19.35;100;522
19.36;100;524
19.37;100;527
19.38;100;531
19.39;100;535
19.4;100;538
19.41;100;539
19.42;100;543
19.43;100;540
19.44;100;538
19.45;100;535
19.46;100;534
19.47;100;530
19.48;100;526
19.49;100;521
19.5;100;518
19.51;100;514
19.52;100;509
19.53;100;510
19.54;100;507
19.55;100;509
19.56;100;508
19.57;100;507
19.58;100;507
19.59;100;507
19.6;100;508
19.61;100;510
19.62;100;511
19.63;100;515
19.64;100;515
19.65;100;515
19.66;100;519
19.67;100;518
19.68;100;521
19.69;100;516
19.7;100;519
19.71;100;515
19.72;100;518
19.73;100;515
19.74;100;514
19.75;100;513
19.76;100;514
19.77;100;512
19.78;100;511
19.79;100;513
19.8;100;511
19.81;100;511
19.82;100;509
19.83;100;511
19.84;100;509
19.85;100;511
19.86;100;511
19.87;100;512
19.88;100;511
19.89;100;514
19.9;100;515
19.91;100;514
19.92;100;515
19.93;100;514
19.94;100;513
19.95;100;516
19.96;100;516
19.97;100;513
19.98;100;513
19.99;100;512
20;100;511
20.01;100;512
20.02;100;512
20.03;100;515
20.04;100;514
20.05;100;512
20.06;100;513
20.07;100;513
20.08;100;513
20.09;100;518
20.1;100;515
20.11;100;517
20.12;100;519
20.13;100;524
20.14;100;527
20.15;100;530
20.16;100;531
20.17;100;535
20.18;100;536
20.19;100;537
20.2;100;536
20.21;100;536
20.22;100;532
20.23;100;529
20.24;100;525
20.25;100;520
20.26;100;519
20.27;100;515
20.28;100;513
20.29;100;513
20.3;100;511
20.31;100;509
20.32;100;507
20.33;100;508
20.34;100;505
20.35;100;508
20.36;100;507
20.37;100;507
20.38;100;508
20.39;100;509
20.4;100;513
20.41;100;513
20.42;100;515
20.43;100;518
20.44;100;518
20.45;100;519
20.46;100;518
20.47;100;519
20.48;100;518
20.49;100;517
20.5;100;515
20.51;100;514
20.52;100;513
20.53;100;512
20.54;100;512
20.55;100;512
20.56;100;512
20.57;100;513
20.58;100;512
20.59;100;510
20.6;100;512
20.61;100;511
20.62;100;512
20.63;100;511
20.64;100;511
20.65;100;513
20.66;100;512
20.67;100;512
20.68;100;511
20.69;100;511
20.7;100;512
20.71;100;514
20.72;100;515
20.73;100;514
20.74;100;514
20.75;100;514
20.76;100;514
20.77;100;513
20.78;100;514
20.79;100;512
20.8;100;511
20.81;100;513
20.82;100;513
20.83;100;512
20.84;100;513
20.85;100;515
20.86;100;513
20.87;100;514
20.88;100;514
20.89;100;515
20.9;100;515
20.91;100;517
20.92;100;515
20.93;100;518
20.94;100;520
20.95;100;523
20.96;100;526
20.97;100;530
20.98;100;534
20.99;100;536
21;100;540
21.01;100;542
21.02;100;542
21.03;100;538
21.04;100;537
21.05;100;533
21.06;100;531
21.07;100;525
21.08;100;523
21.09;100;518
21.1;100;513
21.11;100;511
21.12;100;511
21.13;100;511
21.14;100;509
21.15;100;508
21.16;100;510
21.17;100;509
21.18;100;508
21.19;100;510
21.2;100;510
21.21;100;511
21.22;100;512
21.23;100;511
21.24;100;513
21.25;100;514
21.26;100;514
21.27;100;514
21.28;100;515
21.29;100;514
21.3;100;515
21.31;100;514
21.32;100;515
21.33;100;515
21.34;100;516
21.35;100;514
21.36;100;515
21.37;100;515
21.38;100;513
21.39;100;512
21.4;100;511
21.41;100;509
21.42;100;510
21.43;100;509
21.44;100;509
21.45;100;508
21.46;100;509
21.47;100;510
21.48;100;511
21.49;100;513
21.5;100;511
21.51;100;513
21.52;100;513
21.53;100;514
21.54;100;514
21.55;100;516
21.56;100;516
21.57;100;515
21.58;100;515
21.59;100;514
21.6;100;515
21.61;100;515
21.62;100;515
21.63;100;513
21.64;100;513
21.65;100;513
21.66;100;511
21.67;100;511
21.68;100;511
21.69;100;511
21.7;100;511
21.71;100;512
21.72;100;511
21.73;100;512
21.74;100;511
21.75;100;513
21.76;100;514
21.77;100;512
21.78;100;513
21.79;100;513
21.8;100;515
21.81;100;518
21.82;100;523
21.83;100;527
21.84;100;531
21.85;100;536
21.86;100;539
21.87;100;542
21.88;100;540
21.89;100;540
21.9;100;538
21.91;100;535
21.92;100;532
21.93;100;528
21.94;100;524
21.95;100;520
21.96;100;517
21.97;100;514
21.98;100;512
21.99;100;511
22;100;509
22.01;100;509
22.02;100;508
22.03;100;509
22.04;100;507
22.05;100;508
22.06;100;508
22.07;100;508
22.08;100;509
22.09;100;509
22.1;100;509
22.11;100;511
22.12;100;512
22.13;100;514
22.14;100;516
22.15;100;517
22.16;100;516
22.17;100;516
22.18;100;515
22.19;100;517
22.2;100;517
22.21;100;514
22.22;100;513
22.23;100;514
22.24;100;513
22.25;100;512
22.26;100;511
22.27;100;510
22.28;100;509
22.29;100;511
22.3;100;512
22.31;100;511
22.32;100;511
22.33;100;514
22.34;100;512
22.35;100;511
22.36;100;511
22.37;100;512
22.38;100;512
22.39;100;513
22.4;100;512
22.41;100;513
22.42;100;515
22.43;100;515
22.44;100;514
22.45;100;515
22.46;100;515
22.47;100;514
22.48;100;513
22.49;100;514
22.5;100;514
22.51;100;512
22.52;100;512
22.53;100;512
22.54;100;512
22.55;100;512
22.56;100;513
22.57;100;513
22.58;100;513
22.59;100;512
22.6;100;513
22.61;100;514
22.62;100;514
22.63;100;515
22.64;100;517
22.65;100;521
22.66;100;525
22.67;100;528
22.68;100;533
22.69;100;535
22.7;100;536
22.71;100;535
22.72;100;534
22.73;100;534
22.74;100;531
22.75;100;527
22.76;100;524
22.77;100;520
22.78;100;517
22.79;100;514
22.8;100;512
22.81;100;512
22.82;100;510
22.83;100;508
22.84;100;507
22.85;100;508
22.86;100;507
22.87;100;510
22.88;100;509
22.89;100;509
22.9;100;510
22.91;100;511
22.92;100;513
22.93;100;513
22.94;100;514
22.95;100;516
22.96;100;517
22.97;100;518
22.98;100;517
22.99;100;517
23;100;515
23.01;100;515
23.02;100;515
23.03;100;515
23.04;100;514
23.05;100;515
23.06;100;512
23.07;100;513
23.08;100;512
23.09;100;510
23.1;100;510
23.11;100;510
23.12;100;509
23.13;100;509
23.14;100;507
23.15;100;508
23.16;100;509
23.17;100;510
23.18;100;510
23.19;100;510
23.2;100;512
23.21;100;513
23.22;100;513
23.23;100;514
23.24;100;515
23.25;100;513
23.26;100;516
23.27;100;517
23.28;100;516
23.29;100;515
23.3;100;515
23.31;100;514
23.32;100;516
23.33;100;515
23.34;100;514
23.35;100;512
23.36;100;511
23.37;100;511
23.38;100;511
23.39;100;512
23.4;100;512
23.41;100;513
23.42;100;512
23.43;100;513
23.44;100;515
23.45;100;517
23.46;100;519
23.47;100;523
23.48;100;528
23.49;100;531
23.5;100;535
23.51;100;536
23.52;100;537
23.53;100;537
23.54;100;535
23.55;100;533
23.56;100;531
23.57;100;528
23.58;100;524
23.59;100;519
23.6;100;519
23.61;100;514
23.62;100;511
23.63;100;510
23.64;100;509
23.65;100;506
23.66;100;506
23.67;100;507
23.68;100;507
23.69;100;508
23.7;100;510
23.71;100;511
23.72;100;511
23.73;100;511
23.74;100;512
23.75;100;513
23.76;100;515
23.77;100;515
23.78;100;517
23.79;100;517
23.8;100;517
23.81;100;517
23.82;100;517
23.83;100;516
23.84;100;515
23.85;100;513
23.86;100;513
23.87;100;512
23.88;100;511
23.89;100;510
23.9;100;512
23.91;100;510
23.92;100;512
23.93;100;511
23.94;100;512
23.95;100;510
23.96;100;510
23.97;100;510
23.98;100;510
23.99;100;512
24;100;510
24.01;100;511
24.02;100;511
24.03;100;512
24.04;100;514
24.05;100;513
24.06;100;514
24.07;100;514
24.08;100;515
24.09;100;516
24.1;100;516
24.11;100;515
24.12;100;515
24.13;100;514
24.14;100;514
24.15;100;515
24.16;100;513
24.17;100;515
24.18;100;515
24.19;100;513
24.2;100;513
24.21;100;513
24.22;100;513
24.23;100;513
24.24;100;512
24.25;100;512
24.26;100;512
24.27;100;513
24.28;100;515
24.29;100;515
24.3;100;519
24.31;100;522
24.32;100;527
24.33;100;531
24.34;100;535
24.35;100;537
24.36;100;538
24.37;100;541
24.38;100;538
24.39;100;535
24.4;100;530
24.41;100;526
24.42;100;523
24.43;100;520
24.44;100;516
24.45;100;512
24.46;100;510
24.47;100;508
24.48;100;507
24.49;100;507
24.5;100;507
24.51;100;507
24.52;100;506
24.53;100;507
24.54;100;511
24.55;100;511
24.56;100;511
24.57;100;514
24.58;100;514
24.59;100;514
24.6;100;515
24.61;100;515
24.62;100;516
24.63;100;515
24.64;100;516
24.65;100;515
24.66;100;515
24.67;100;515
24.68;100;515
24.69;100;515
24.7;100;513
24.71;100;513
24.72;100;512
24.73;100;512
24.74;100;511
24.75;100;511
24.76;100;512
24.77;100;514
24.78;100;513
24.79;100;512
24.8;100;512
24.81;100;512
24.82;100;513
24.83;100;512
24.84;100;512
24.85;100;512
24.86;100;512
24.87;100;512
24.88;100;513
24.89;100;513
24.9;100;513
24.91;100;514
24.92;100;516
24.93;100;514
24.94;100;514
24.95;100;514
24.96;100;515
24.97;100;515
24.98;100;514
24.99;100;515
25;100;514
25.01;100;515
25.02;100;516
25.03;100;514
25.04;100;515
25.05;100;512
25.06;100;512
25.07;100;512
25.08;100;513
25.09;100;514
25.1;100;514
25.11;100;516
25.12;100;518
25.13;100;521
25.14;100;525
25.15;100;528
25.16;100;531
25.17;100;533
25.18;100;536
25.19;100;536
25.2;100;536
25.21;100;536
25.22;100;531
25.23;100;527
25.24;100;523
25.25;100;520
25.26;100;516
25.27;100;511
25.28;100;509
25.29;100;507
25.3;100;507
25.31;100;506
25.32;100;506
25.33;100;504
25.34;100;505
25.35;100;506
25.36;100;507
25.37;100;509
25.38;100;511
25.39;100;514
25.4;100;515
25.41;100;518
25.42;100;518
25.43;100;520
25.44;100;518
25.45;100;519
25.46;100;518
25.47;100;518
25.48;100;517
25.49;100;517
25.5;100;515
25.51;100;514
25.52;100;513
25.53;100;512
25.54;100;510
25.55;100;510
25.56;100;511
25.57;100;511
25.58;100;511
25.59;100;513
25.6;100;511
25.61;100;511
25.62;100;512
25.63;100;511
25.64;100;514
25.65;100;512
25.66;100;514
25.67;100;513
25.68;100;512
25.69;100;513
25.7;100;513
25.71;100;514
25.72;100;515
25.73;100;515
25.74;100;514
25.75;100;513
25.76;100;514
25.77;100;513
25.78;100;515
25.79;100;515
25.8;100;515
25.81;100;514
25.82;100;514
25.83;100;515
25.84;100;515
25.85;100;513
25.86;100;514
25.87;100;514
25.88;100;516
25.89;100;517
25.9;100;519
25.91;100;521
25.92;100;524
25.93;100;529
25.94;100;531
25.95;100;534
25.96;100;536
25.97;100;535
25.98;100;534
25.99;100;531
26;100;530
26.01;100;527
26.02;100;523
26.03;100;519
26.04;100;518
26.05;100;515
26.06;100;512
26.07;100;509
26.08;100;507
26.09;100;506
26.1;100;505
26.11;100;505
26.12;100;505
26.13;100;507
26.14;100;508
26.15;100;510
26.16;100;512
26.17;100;512
26.18;100;513
26.19;100;515
26.2;100;517
26.21;100;517
26.22;100;518
26.23;100;519
26.24;100;519
26.25;100;522
26.26;100;519
26.27;100;520
26.28;100;518
26.29;100;516
26.3;100;515
26.31;100;514
26.32;100;512
26.33;100;511
26.34;100;510
26.35;100;511
26.36;100;509
26.37;100;509
26.38;100;510
26.39;100;510
26.4;100;511
26.41;100;511
26.42;100;511
26.43;100;511
26.44;100;512
26.45;100;513
26.46;100;517
26.47;100;514
26.48;100;518
26.49;100;516
26.5;100;516
26.51;100;515
26.52;100;515
26.53;100;516
26.54;100;515
26.55;100;513
26.56;100;512
26.57;100;513
26.58;100;513
26.59;100;514
26.6;100;514
26.61;100;513
26.62;100;514
26.63;100;513
26.64;100;513
26.65;100;512
26.66;100;512
26.67;100;513
26.68;100;515
26.69;100;515
26.7;100;519
26.71;100;520
26.72;100;523
26.73;100;527
26.74;100;531
26.75;100;535
26.76;100;537
26.77;100;537
26.78;100;537
26.79;100;536
26.8;100;534
26.81;100;531
26.82;100;527
26.83;100;523
26.84;100;519
26.85;100;515
26.86;100;513
26.87;100;511
26.88;100;509
26.89;100;507
26.9;100;508
26.91;100;505
26.92;100;506
26.93;100;508
26.94;100;507
26.95;100;508
26.96;100;508
26.97;100;509
26.98;100;511
26.99;100;513
27;100;515
27.01;100;516
27.02;100;517
27.03;100;517
27.04;100;517
27.05;100;517
27.06;100;518
27.07;100;519
27.08;100;519
27.09;100;518
27.1;100;516
27.11;100;516
27.12;100;514
27.13;100;515
27.14;100;513
27.15;100;512
27.16;100;511
27.17;100;511
27.18;100;510
27.19;100;509
27.2;100;510
27.21;100;510
27.22;100;511
27.23;100;510
27.24;100;512
27.25;100;512
27.26;100;512
27.27;100;512
27.28;100;515
27.29;100;513
27.3;100;513
27.31;100;515
27.32;100;515
27.33;100;515
27.34;100;518
27.35;100;517
27.36;100;515
27.37;100;516
27.38;100;514
27.39;100;513
27.4;100;514
27.41;100;515
27.42;100;513
27.43;100;513
27.44;100;512
27.45;100;515
27.46;100;513
27.47;100;515
27.48;100;513
27.49;100;513
27.5;100;513
27.51;100;514
27.52;100;513
27.53;100;515
27.54;100;515
27.55;100;518
27.56;100;520
27.57;100;524
27.58;100;526
27.59;100;531
27.6;100;533
27.61;100;535
27.62;100;537
27.63;100;537
27.64;100;536
27.65;100;533
27.66;100;531
27.67;100;528
27.68;100;525
27.69;100;521
27.7;100;519
27.71;100;515
27.72;100;512
27.73;100;509
27.74;100;508
27.75;100;506
27.76;100;507
27.77;100;506
27.78;100;507
27.79;100;506
27.8;100;507
27.81;100;509
27.82;100;510
27.83;100;511
27.84;100;511
27.85;100;513
27.86;100;515
27.87;100;517
27.88;100;519
27.89;100;519
27.9;100;519
27.91;100;519
27.92;100;518
27.93;100;518
27.94;100;518
27.95;100;517
27.96;100;516
27.97;100;517
27.98;100;515
27.99;100;515
28;100;515
28.01;100;512
28.02;100;511
28.03;100;511
28.04;100;511
28.05;100;511
28.06;100;511
28.07;100;510
28.08;100;510
28.09;100;510
28.1;100;512
28.11;100;512
28.12;100;513
28.13;100;515
28.14;100;513
28.15;100;513
28.16;100;512
28.17;100;515
28.18;100;515
28.19;100;514
28.2;100;517
28.21;100;516
28.22;100;515
28.23;100;514
28.24;100;513
28.25;100;514
28.26;100;513
28.27;100;514
28.28;100;513
28.29;100;513
28.3;100;514
28.31;100;514
28.32;100;516
28.33;100;517
28.34;100;517
28.35;100;518
28.36;100;520
28.37;100;522
28.38;100;528
28.39;100;530
28.4;100;532
28.41;100;534
28.42;100;534
28.43;100;533
28.44;100;535
28.45;100;532
28.46;100;528
28.47;100;524
28.48;100;520
28.49;100;517
28.5;100;514
28.51;100;511
28.52;100;511
28.53;100;509
28.54;100;508
28.55;100;507
28.56;100;507
28.57;100;507
28.58;100;508
28.59;100;510
28.6;100;510
28.61;100;511
28.62;100;515
28.63;100;514
28.64;100;516
28.65;100;518
28.66;100;518
28.67;100;517
28.68;100;518
28.69;100;519
28.7;100;517
28.71;100;517
28.72;100;517
28.73;100;516
28.74;100;515
28.75;100;514
28.76;100;514
28.77;100;512
28.78;100;512
28.79;100;513
28.8;100;511
28.81;100;512
28.82;100;512
28.83;100;511
28.84;100;513
28.85;100;512
28.86;100;512
28.87;100;512
28.88;100;512
28.89;100;512
28.9;100;514
28.91;100;513
28.92;100;513
28.93;100;515
28.94;100;514
28.95;100;516
28.96;100;515
28.97;100;515
28.98;100;514
28.99;100;514
29;100;513
29.01;100;513
29.02;100;515
29.03;100;517
29.04;100;514
29.05;100;516
29.06;100;515
29.07;100;515
29.08;100;514
29.09;100;514
29.1;100;515
29.11;100;517
29.12;100;519
29.13;100;523
29.14;100;527
29.15;100;531
29.16;100;535
29.17;100;536
29.18;100;536
29.19;100;537
29.2;100;534
29.21;100;531
29.22;100;529
29.23;100;528
29.24;100;522
29.25;100;519
29.26;100;516
29.27;100;512
29.28;100;509
29.29;100;507
29.3;100;507
29.31;100;507
29.32;100;505
29.33;100;505
29.34;100;507
29.35;100;507
29.36;100;510
29.37;100;511
29.38;100;512
29.39;100;513
29.4;100;516
29.41;100;516
29.42;100;518
29.43;100;517
29.44;100;518
29.45;100;518
29.46;100;520
29.47;100;518
29.48;100;518
29.49;100;516
29.5;100;515
29.51;100;513
29.52;100;512
29.53;100;513
29.54;100;511
29.55;100;511
29.56;100;512
29.57;100;513
29.58;100;512
29.59;100;511
29.6;100;513
29.61;100;512
29.62;100;512
29.63;100;511
29.64;100;513
29.65;100;512
29.66;100;513
29.67;100;513
29.68;100;513
29.69;100;512
29.7;100;514
29.71;100;516
29.72;100;516
29.73;100;515
29.74;100;516
29.75;100;516
29.76;100;518
29.77;100;515
29.78;100;516
29.79;100;515
29.8;100;514
29.81;100;514
29.82;100;515
29.83;100;514
29.84;100;513
29.85;100;512
29.86;100;513
29.87;100;516
29.88;100;517
29.89;100;517
29.9;100;519
29.91;100;521
29.92;100;523
29.93;100;526
29.94;100;530
29.95;100;532
29.96;100;534
29.97;100;536
29.98;100;537
29.99;100;536
30;100;534
30.01;100;531
30.02;100;528
30.03;100;524
30.04;100;522
30.05;100;517
30.06;100;515
30.07;100;512
30.08;100;510
30.09;100;510
30.1;100;508
30.11;100;507
30.12;100;510
30.13;100;509
30.14;100;509
30.15;100;510
30.16;100;511
30.17;100;512
30.18;100;512
30.19;100;513
30.2;100;514
30.21;100;515
30.22;100;516
30.23;100;517
30.24;100;518
30.25;100;517
30.26;100;517
30.27;100;516
30.28;100;517
30.29;100;517
30.3;100;516
30.31;100;515
30.32;100;515
30.33;100;514
30.34;100;512
30.35;100;512
30.36;100;512
30.37;100;511
30.38;100;511
30.39;100;510
30.4;100;510
30.41;100;510
30.42;100;511
30.43;100;513
30.44;100;513
30.45;100;514
30.46;100;514
30.47;100;514
30.48;100;514
30.49;100;514
30.5;100;516
30.51;100;515
30.52;100;518
30.53;100;516
30.54;100;516
30.55;100;516
30.56;100;518
30.57;100;516
30.58;100;514
30.59;100;514
30.6;100;513
30.61;100;512
30.62;100;512
30.63;100;513
30.64;100;514
30.65;100;512
30.66;100;514
30.67;100;512
30.68;100;513
30.69;100;513
30.7;100;514
30.71;100;515
30.72;100;517
30.73;100;522
30.74;100;523
30.75;100;526
30.76;100;530
30.77;100;532
30.78;100;535
30.79;100;536
30.8;100;536
30.81;100;534
30.82;100;532
30.83;100;530
30.84;100;528
30.85;100;524
30.86;100;523
30.87;100;519
30.88;100;517
30.89;100;513
30.9;100;511
30.91;100;510
30.92;100;510
30.93;100;509
30.94;100;508
30.95;100;509
30.96;100;509
30.97;100;511
30.98;100;511
30.99;100;512
31;100;514
31.01;100;514
31.02;100;514
31.03;100;513
31.04;100;515
31.05;100;516
31.06;100;517
31.07;100;517
31.08;100;518
31.09;100;519
31.1;100;517
31.11;100;517
31.12;100;517
31.13;100;517
31.14;100;515
31.15;100;513
31.16;100;514
31.17;100;512
31.18;100;514
31.19;100;513
31.2;100;513
31.21;100;513
31.22;100;512
31.23;100;511
31.24;100;512
31.25;100;512
31.26;100;512
31.27;100;512
31.28;100;513
31.29;100;515
31.3;100;513
31.31;100;513
31.32;100;513
31.33;100;513
31.34;100;514
31.35;100;515
31.36;100;516
31.37;100;516
31.38;100;516
31.39;100;515
31.4;100;516
31.41;100;516
31.42;100;514
31.43;100;516
31.44;100;514
31.45;100;515
31.46;100;515
31.47;100;515
31.48;100;515
31.49;100;515
31.5;100;519
31.51;100;518
31.52;100;520
31.53;100;525
31.54;100;528
31.55;100;531
31.56;100;532
31.57;100;534
31.58;100;536
31.59;100;534
31.6;100;532
31.61;100;532
31.62;100;528
31.63;100;523
31.64;100;521
31.65;100;517
31.66;100;515
31.67;100;512
31.68;100;511
31.69;100;510
31.7;100;508
31.71;100;507
31.72;100;508
31.73;100;509
31.74;100;509
31.75;100;510
31.76;100;510
31.77;100;511
31.78;100;513
31.79;100;515
31.8;100;518
31.81;100;517
31.82;100;519
31.83;100;518
31.84;100;519
31.85;100;518
31.86;100;517
31.87;100;517
31.88;100;517
31.89;100;517
31.9;100;516
31.91;100;516
31.92;100;515
31.93;100;517
31.94;100;513
31.95;100;512
31.96;100;511
31.97;100;511
31.98;100;511
31.99;100;511
32;100;511
32.01;100;511
32.02;100;512
32.03;100;512
32.04;100;512
32.05;100;512
32.06;100;513
32.07;100;514
32.08;100;514
32.09;100;513
32.1;100;515
32.11;100;515
32.12;100;516
32.13;100;516
32.14;100;517
32.15;100;516
32.16;100;515
32.17;100;516
32.18;100;516
32.19;100;514
32.2;100;513
32.21;100;512
32.22;100;513
32.23;100;514
32.24;100;513
32.25;100;513
32.26;100;513
32.27;100;512
32.28;100;512
32.29;100;513
32.3;100;513
32.31;100;514
32.32;100;515
32.33;100;518
32.34;100;523
32.35;100;527
32.36;100;532
32.37;100;534
32.38;100;537
32.39;100;540
32.4;100;540
32.41;100;541
32.42;100;540
32.43;100;540
32.44;100;535
32.45;100;531
32.46;100;527
32.47;100;523
32.48;100;518
32.49;100;515
32.5;100;513
32.51;100;512
32.52;100;509
32.53;100;508
32.54;100;508
32.55;100;506
32.56;100;507
32.57;100;508
32.58;100;510
32.59;100;509
32.6;100;512
32.61;100;512
32.62;100;514
32.63;100;515
32.64;100;515
32.65;100;517
32.66;100;518
32.67;100;518
32.68;100;518
32.69;100;519
32.7;100;517
32.71;100;517
32.72;100;517
32.73;100;516
32.74;100;516
32.75;100;514
32.76;100;512
32.77;100;515
32.78;100;512
32.79;100;511
32.8;100;511
32.81;100;511
32.82;100;512
32.83;100;511
32.84;100;512
32.85;100;512
32.86;100;512
32.87;100;512
32.88;100;514
32.89;100;513
32.9;100;513
32.91;100;514
32.92;100;515
32.93;100;514
32.94;100;514
32.95;100;513
32.96;100;512
32.97;100;513
32.98;100;514
32.99;100;514
33;100;514
33.01;100;515
33.02;100;516
33.03;100;517
33.04;100;516
33.05;100;516
33.06;100;514
33.07;100;517
33.08;100;517
33.09;100;515
33.1;100;515
33.11;100;515
33.12;100;513
33.13;100;513
33.14;100;513
33.15;100;514
33.16;100;514
33.17;100;514
33.18;100;514
33.19;100;514
33.2;100;516
33.21;100;519
33.22;100;524
33.23;100;529
33.24;100;532
33.25;100;535
33.26;100;537
33.27;100;540
33.28;100;538
33.29;100;537
33.3;100;535
33.31;100;532
33.32;100;528
33.33;100;526
33.34;100;522
33.35;100;518
33.36;100;515
33.37;100;511
33.38;100;510
33.39;100;509
33.4;100;509
33.41;100;508
33.42;100;508
33.43;100;512
33.44;100;509
33.45;100;510
33.46;100;511
33.47;100;513
33.48;100;512
33.49;100;513
33.5;100;516
33.51;100;517
33.52;100;519
33.53;100;519
33.54;100;519
33.55;100;518
33.56;100;519
33.57;100;518
33.58;100;517
33.59;100;515
33.6;100;514
33.61;100;514
33.62;100;513
33.63;100;513
33.64;100;513
33.65;100;512
33.66;100;511
33.67;100;512
33.68;100;512
33.69;100;512
33.7;100;511
33.71;100;511
33.72;100;513
33.73;100;513
33.74;100;512
33.75;100;514
33.76;100;515
33.77;100;514
33.78;100;514
33.79;100;515
33.8;100;516
33.81;100;515
33.82;100;515
33.83;100;515
33.84;100;516
33.85;100;514
33.86;100;516
33.87;100;514
33.88;100;515
33.89;100;514
33.9;100;513
33.91;100;513
33.92;100;514
33.93;100;515
33.94;100;515
33.95;100;515
33.96;100;515
33.97;100;514
33.98;100;514
33.99;100;514
34;100;513
34.01;100;513
34.02;100;515
34.03;100;519
34.04;100;521
34.05;100;523
34.06;100;527
34.07;100;531
34.08;100;534
34.09;100;536
34.1;100;537
34.11;100;536
34.12;100;535
34.13;100;532
34.14;100;530
34.15;100;526
34.16;100;523
34.17;100;520
34.18;100;518
34.19;100;513
34.2;100;511
34.21;100;508
34.22;100;506
34.23;100;505
34.24;100;505
34.25;100;506
34.26;100;507
34.27;100;509
34.28;100;511
34.29;100;512
34.3;100;513
34.31;100;516
34.32;100;516
34.33;100;518
34.34;100;518
34.35;100;518
34.36;100;518
34.37;100;519
34.38;100;520
34.39;100;519
34.4;100;517
34.41;100;518
34.42;100;516
34.43;100;515
34.44;100;513
34.45;100;512
34.46;100;512
34.47;100;511
34.48;100;511
34.49;100;512
34.5;100;512
34.51;100;511
34.52;100;512
34.53;100;512
34.54;100;512
34.55;100;511
34.56;100;511
34.57;100;512
34.58;100;514
34.59;100;514
34.6;100;513
34.61;100;514
34.62;100;514
34.63;100;513
34.64;100;513
34.65;100;512
34.66;100;513
34.67;100;514
34.68;100;515
34.69;100;516
34.7;100;517
34.71;100;517
34.72;100;518
34.73;100;519
34.74;100;516
34.75;100;515
34.76;100;515
34.77;100;514
34.78;100;515
34.79;100;514
34.8;100;513
34.81;100;514
34.82;100;514
34.83;100;513
34.84;100;513
34.85;100;513
34.86;100;514
34.87;100;513
34.88;100;514
34.89;100;514
34.9;100;516
34.91;100;520
34.92;100;524
34.93;100;529
34.94;100;534
34.95;100;536
34.96;100;540
34.97;100;541
34.98;100;542
34.99;100;539
35;100;538
35.01;100;534
35.02;100;531
35.03;100;527
35.04;100;523
35.05;100;517
35.06;100;514
35.07;100;512
35.08;100;510
35.09;100;508
35.1;100;507
35.11;100;505
35.12;100;507
35.13;100;507
35.14;100;507
35.15;100;508
35.16;100;510
35.17;100;510
35.18;100;511
35.19;100;512
35.2;100;515
35.21;100;516
35.22;100;516
35.23;100;517
35.24;100;518
35.25;100;517
35.26;100;519
35.27;100;519
35.28;100;518
35.29;100;517
35.3;100;517
35.31;100;517
35.32;100;517
35.33;100;515
35.34;100;514
35.35;100;514
35.36;100;513
35.37;100;512
35.38;100;511
35.39;100;512
35.4;100;512
35.41;100;512
35.42;100;511
35.43;100;511
35.44;100;513
35.45;100;513
35.46;100;513
35.47;100;513
35.48;100;512
35.49;100;512
35.5;100;513
35.51;100;513
35.52;100;512
35.53;100;513
35.54;100;514
35.55;100;515
35.56;100;515
35.57;100;514
35.58;100;515
35.59;100;515
35.6;100;516
35.61;100;515
35.62;100;516
35.63;100;515
35.64;100;516
35.65;100;515
35.66;100;515
35.67;100;516
35.68;100;515
35.69;100;514
35.7;100;513
35.71;100;514
35.72;100;514
35.73;100;513
35.74;100;515
35.75;100;513
35.76;100;513
35.77;100;513
35.78;100;514
35.79;100;516
35.8;100;519
35.81;100;520
35.82;100;524
35.83;100;527
35.84;100;531
35.85;100;535
35.86;100;538
35.87;100;539
35.88;100;538
35.89;100;536
35.9;100;534
35.91;100;531
35.92;100;527
35.93;100;522
35.94;100;519
35.95;100;516
35.96;100;514
35.97;100;511
35.98;100;510
35.99;100;508
36;100;507
36.01;100;507
36.02;100;507
36.03;100;508
36.04;100;510
36.05;100;509
36.06;100;510
36.07;100;513
36.08;100;514
36.09;100;515
36.1;100;514
36.11;100;516
36.12;100;516
36.13;100;518
36.14;100;517
36.15;100;517
36.16;100;516
36.17;100;517
36.18;100;517
36.19;100;516
36.2;100;516
36.21;100;515
36.22;100;514
36.23;100;513
36.24;100;512
36.25;100;512
36.26;100;513
36.27;100;513
36.28;100;513
36.29;100;514
36.3;100;513
36.31;100;515
36.32;100;515
36.33;100;513
36.34;100;513
36.35;100;513
36.36;100;515
36.37;100;514
36.38;100;514
36.39;100;513
36.4;100;513
36.41;100;513
36.42;100;514
36.43;100;515
36.44;100;516
36.45;100;515
36.46;100;515
36.47;100;515
36.48;100;515
36.49;100;515
36.5;100;515
36.51;100;515
36.52;100;514
36.53;100;515
36.54;100;514
36.55;100;514
36.56;100;513
36.57;100;513
36.58;100;515
36.59;100;515
36.6;100;516
36.61;100;517
36.62;100;519
36.63;100;523
36.64;100;524
36.65;100;529
36.66;100;531
36.67;100;533
36.68;100;532
36.69;100;532
36.7;100;534
36.71;100;532
36.72;100;529
36.73;100;527
36.74;100;522
36.75;100;520
36.76;100;515
36.77;100;514
36.78;100;512
36.79;100;510
36.8;100;507
36.81;100;506
36.82;100;507
36.83;100;507
36.84;100;508
36.85;100;507
36.86;100;510
36.87;100;510
36.88;100;511
36.89;100;513
36.9;100;515
36.91;100;517
36.92;100;518
36.93;100;520
36.94;100;519
36.95;100;520
36.96;100;520
36.97;100;518
36.98;100;517
36.99;100;517
37;100;516
37.01;100;515
37.02;100;513
37.03;100;512
37.04;100;512
37.05;100;512
37.06;100;511
37.07;100;511
37.08;100;510
37.09;100;511
37.1;100;513
37.11;100;512
37.12;100;512
37.13;100;515
37.14;100;514
37.15;100;513
37.16;100;515
37.17;100;516
37.18;100;515
37.19;100;515
37.2;100;515
37.21;100;513
37.22;100;514
37.23;100;515
37.24;100;516
37.25;100;516
37.26;100;515
37.27;100;516
37.28;100;516
37.29;100;516
37.3;100;515
37.31;100;517
37.32;100;515
37.33;100;514
37.34;100;515
37.35;100;514
37.36;100;515
37.37;100;515
37.38;100;518
37.39;100;517
37.4;100;520
37.41;100;523
37.42;100;524
37.43;100;530
37.44;100;531
37.45;100;533
37.46;100;535
37.47;100;535
37.48;100;535
37.49;100;534
37.5;100;530
37.51;100;529
37.52;100;524
37.53;100;521
37.54;100;518
37.55;100;516
37.56;100;513
37.57;100;512
37.58;100;509
37.59;100;507
37.6;100;508
37.61;100;509
37.62;100;506
37.63;100;507
37.64;100;510
37.65;100;510
37.66;100;511
37.67;100;513
37.68;100;515
37.69;100;515
37.7;100;516
37.71;100;517
37.72;100;518
37.73;100;518
37.74;100;519
37.75;100;518
37.76;100;518
37.77;100;518
37.78;100;518
37.79;100;518
37.8;100;515
37.81;100;516
37.82;100;514
37.83;100;512
37.84;100;512
37.85;100;512
37.86;100;512
37.87;100;513
37.88;100;512
37.89;100;512
37.9;100;512
37.91;100;512
37.92;100;514
37.93;100;515
37.94;100;515
37.95;100;516
37.96;100;515
37.97;100;515
37.98;100;515
37.99;100;516
38;100;516
38.01;100;515
38.02;100;516
38.03;100;515
38.04;100;516
38.05;100;515
38.06;100;516
38.07;100;513
38.08;100;513
38.09;100;513
38.1;100;514
38.11;100;514
38.12;100;514
38.13;100;515
38.14;100;516
38.15;100;516
38.16;100;516
38.17;100;515
38.18;100;516
38.19;100;517
38.2;100;520
38.21;100;521
38.22;100;526
38.23;100;529
38.24;100;533
38.25;100;534
38.26;100;537
38.27;100;536
38.28;100;537
38.29;100;533
38.3;100;531
38.31;100;528
38.32;100;526
38.33;100;523
38.34;100;520
38.35;100;518
38.36;100;514
38.37;100;512
38.38;100;511
38.39;100;510
38.4;100;510
38.41;100;511
38.42;100;510
38.43;100;510
38.44;100;510
38.45;100;510
38.46;100;512
38.47;100;512
38.48;100;511
38.49;100;512
38.5;100;513
38.51;100;513
38.52;100;515
38.53;100;517
38.54;100;518
38.55;100;519
38.56;100;519
38.57;100;519
38.58;100;519
38.59;100;518
38.6;100;517
38.61;100;517
38.62;100;515
38.63;100;515
38.64;100;514
38.65;100;514
38.66;100;512
38.67;100;512
38.68;100;512
38.69;100;512
38.7;100;514
38.71;100;514
38.72;100;511
38.73;100;512
38.74;100;513
38.75;100;514
38.76;100;515
38.77;100;515
38.78;100;515
38.79;100;515
38.8;100;515
38.81;100;515
38.82;100;517
38.83;100;516
38.84;100;519
38.85;100;518
38.86;100;516
38.87;100;516
38.88;100;517
38.89;100;515
38.9;100;515
38.91;100;516
38.92;100;513
38.93;100;513
38.94;100;513
38.95;100;514
38.96;100;514
38.97;100;513
38.98;100;516
38.99;100;516
39;100;519
39.01;100;522
39.02;100;526
39.03;100;529
39.04;100;533
39.05;100;536
39.06;100;537
39.07;100;537
39.08;100;538
39.09;100;533
39.1;100;530
39.11;100;527
39.12;100;524
39.13;100;519
39.14;100;516
39.15;100;514
39.16;100;512
39.17;100;511
39.18;100;509
39.19;100;507
39.2;100;506
39.21;100;507
39.22;100;507
39.23;100;508
39.24;100;508
39.25;100;510
39.26;100;513
39.27;100;515
39.28;100;517
39.29;100;520
39.3;100;519
39.31;100;521
39.32;100;521
39.33;100;519
39.34;100;521
39.35;100;519
39.36;100;516
39.37;100;516
39.38;100;515
39.39;100;515
39.4;100;515
39.41;100;515
39.42;100;514
39.43;100;513
39.44;100;512
39.45;100;512
39.46;100;515
39.47;100;513
39.48;100;513
39.49;100;516
39.5;100;513
39.51;100;515
39.52;100;512
39.53;100;513
39.54;100;514
39.55;100;515
39.56;100;515
39.57;100;514
39.58;100;515
39.59;100;515
39.6;100;515
39.61;100;515
39.62;100;514
39.63;100;514
39.64;100;513
39.65;100;514
39.66;100;516
39.67;100;515
39.68;100;517
39.69;100;517
39.7;100;516
39.71;100;516
39.72;100;517
39.73;100;519
39.74;100;518
39.75;100;522
39.76;100;521
39.77;100;525
39.78;100;529
39.79;100;533
39.8;100;535
39.81;100;536
39.82;100;537
39.83;100;539
39.84;100;535
39.85;100;533
39.86;100;530
39.87;100;526
39.88;100;522
39.89;100;518
39.9;100;515
39.91;100;513
39.92;100;513
39.93;100;510
39.94;100;511
39.95;100;508
39.96;100;509
39.97;100;508
39.98;100;509
39.99;100;510
